method,q,eval_loss_mean,eval_loss_std,macro_f1_mean,macro_f1_std,macro_minority_f1_mean,macro_minority_f1_std,macro_pos_f1_mean,macro_pos_f1_std,macro_pr_auc_mean,macro_pr_auc_std,micro_f1_mean,micro_f1_std,micro_pr_auc_mean,micro_pr_auc_std,pair_acc_mean,pair_acc_std,subset_acc_mean,subset_acc_std,rank_all
APPLE,0.2,0.6151723430191419,0.1016687961376824,0.3151826148231824,0.03626707684076947,0.3151826148231824,0.03626707684076947,0.3151826148231824,0.03626707684076947,0.4281191463271776,0.04362411559160444,0.26014333665655714,0.027045447435483514,0.37877848123510677,0.037262992814387344,0.8794416864847526,0.019152660938325516,0.7015068878635292,0.03349125036947808,7
APPLE,0.5,0.7424174362359693,0.12073314137955558,0.21479467141131556,0.08336172208063972,0.21479467141131556,0.08336172208063972,0.21479467141131556,0.08336172208063972,0.2950230864187081,0.10495865504622147,0.20427766807775063,0.06811587648527738,0.2653866657366355,0.11048893479116939,0.8283206459380538,0.07921310103451853,0.6825545015721649,0.0428894233080141,7
APPLE,0.8,1.0687123093669901,0.1544996578202688,0.11639229469001289,0.010182139050300925,0.11639229469001289,0.010182139050300925,0.11639229469001289,0.010182139050300925,0.14852119113008178,0.004290938731793203,0.18319862866323133,0.02914028490287562,0.17309770993888374,0.029153792778098826,0.8246989356985189,0.055637516686800226,0.6999068393204063,0.05573204909536135,7
APPLE-ALA,0.2,0.3501403892626367,0.008864046412338683,0.4032715725402038,0.010766688866376347,0.4032715725402038,0.010766688866376347,0.4032715725402038,0.010766688866376347,0.5711392770210902,0.013115117174448385,0.3299362150318974,0.002248389645245107,0.5190803656975428,0.014288417464679922,0.9124115200173741,0.00019156017233719542,0.7463617194922102,0.006429576602460979,6
APPLE-ALA,0.5,0.39062667358810305,0.021687715655556595,0.3555258813003699,0.025014116893702632,0.3555258813003699,0.025014116893702632,0.3555258813003699,0.025014116893702632,0.5231503834327061,0.029666351937081437,0.3186898237974422,0.02350899335587159,0.5016776815056802,0.04607937784224983,0.9063128202101258,0.008332383921108272,0.7383250070623987,0.009337914057376497,5
APPLE-ALA,0.8,0.8552591510785007,0.3129532896047829,0.20685690964261685,0.02546113320040128,0.20685690964261685,0.02546113320040128,0.20685690964261685,0.02546113320040128,0.31736127634843186,0.026947987200290884,0.2655911831793422,0.02437817219267866,0.39213002882897857,0.016705863506585678,0.8801764635329312,0.014442130675749393,0.7003552349860906,0.013271285178460655,2
APPLE-PostALA,0.2,0.33574893784619303,0.008482908784335727,0.4180755650003751,0.01478964485104647,0.4180755650003751,0.01478964485104647,0.4180755650003751,0.01478964485104647,0.6014807154734929,0.012459366560471686,0.335583726611173,0.016555170012652828,0.5498464033007622,0.004834030526246595,0.9138646637002289,0.007007374013102776,0.7499686528701696,0.015199248567667167,4
APPLE-PostALA,0.5,0.33474141917352046,0.014097964140459182,0.37266225417455034,0.02270659988848637,0.37266225417455034,0.02270659988848637,0.37266225417455034,0.02270659988848637,0.565608931084474,0.01563030645098117,0.32875298494407995,0.015761676464177216,0.5522493173678716,0.00864485426605458,0.9097743389364211,0.005119472897386608,0.741317788260257,0.011332729855667833,4
APPLE-PostALA,0.8,0.487921723198097,0.06287732540407978,0.25323622251550354,0.01263572536505177,0.25323622251550354,0.01263572536505177,0.25323622251550354,0.01263572536505177,0.40138801236947375,0.027316024067645116,0.3059917590375134,0.019661696105375392,0.495473463088274,0.032899590746498134,0.9030575852167376,0.008070478518885616,0.7278046289535091,0.010620753707705021,1
FedALA,0.2,0.3789136252426572,0.02750924775136318,0.4071856995423635,0.017507665461338317,0.4071856995423635,0.017507665461338317,0.4071856995423635,0.017507665461338317,0.577552463610967,0.021549238740648985,0.32989506771176536,0.01219925475068627,0.5244099453091621,0.018634025855992185,0.9101361484110201,0.004856641068245321,0.7456414507970246,0.005889186465801567,5
FedALA,0.5,0.4046577978725329,0.0458816280698446,0.3433351760109265,0.04204186509145014,0.3433351760109265,0.04204186509145014,0.3433351760109265,0.04204186509145014,0.49174653987089795,0.057246510683851906,0.3048233683046308,0.04091621856581622,0.4768212092419466,0.06052829104179993,0.9006343340652797,0.01913556069968547,0.7382981788835083,0.02982949965462106,6
FedALA,0.8,0.7328111590112698,0.07108427486560391,0.1768495328724384,0.03865134489313328,0.1768495328724384,0.03865134489313328,0.1768495328724384,0.03865134489313328,0.2673577930778265,0.07293819941626964,0.23596701018834162,0.038619130404786324,0.34143806484838324,0.09648601256518637,0.8521505266156432,0.0286808113966509,0.6983789356209337,0.026400365358459466,5
FedAvg,0.2,0.2771895568831773,0.03390090431348116,0.40829708725214003,0.03743457672271201,0.40829708725214003,0.03743457672271201,0.40829708725214003,0.03743457672271201,0.6492594699064891,0.03692039712840128,0.32572059036015444,0.02520511249449166,0.6094130367040634,0.04979599197482358,0.9058265147832373,0.010849402289150552,0.7450268429303017,0.012070992426390335,2
FedAvg,0.5,0.2615542882319208,0.0080247367621611,0.3934550980726878,0.021808833183917797,0.3934550980726878,0.021808833183917797,0.3934550980726878,0.021808833183917797,0.6293633778889974,0.019988613578651216,0.3424148107497489,0.009550723849981102,0.6398998146255811,0.01863475815466711,0.9128970201386482,0.00364184643076268,0.7530627615834194,0.009412157316059572,3
FedAvg,0.8,0.5231936466384055,0.11736285663864646,0.14688268067936097,0.03472116560732113,0.14688268067936097,0.03472116560732113,0.14688268067936097,0.03472116560732113,0.28946272333463036,0.11750600987057169,0.18385168108786165,0.03606683024845714,0.31065042528013387,0.13807831665555775,0.7978001019342579,0.05282101770280633,0.6429553188144705,0.030916541447589818,3
FedProx,0.2,0.2557744021132027,0.014881352573460935,0.427812293668588,0.02367330499734417,0.427812293668588,0.02367330499734417,0.427812293668588,0.02367330499734417,0.6805618127187093,0.0048680962336041765,0.3472654953762688,0.01983063546184218,0.6367015937964121,0.014582711065583205,0.9143193484912739,0.0070929373992391544,0.762996794546822,0.012613912984772846,1
FedProx,0.5,0.2822936333419757,0.010362922152230154,0.3622379983464876,0.014275232870278438,0.3622379983464876,0.014275232870278438,0.3622379983464876,0.014275232870278438,0.6315529257059098,0.012961884179207666,0.31142706308182283,0.01132868053561311,0.6277175868550936,0.01448867576611127,0.8997526107216559,0.005553707422948682,0.7296199962072256,0.014011432828512794,1
FedProx,0.8,0.483809259652544,0.10352901142140611,0.15489563395579653,0.03929432548155721,0.15489563395579653,0.03929432548155721,0.15489563395579653,0.03929432548155721,0.2810408767312765,0.14139318594989667,0.19991467064386423,0.04474603145995444,0.328152609989047,0.197586560500697,0.8171206506190979,0.04491916384333281,0.6620348028543148,0.01859951319592687,4
Fully Local,0.2,1.3028973397292576,0.1356514585880606,0.2681067424515882,0.009727746518830058,0.2681067424515882,0.009727746518830058,0.2681067424515882,0.009727746518830058,0.2999954660733541,0.005045062678002941,0.24062893920857142,0.0070010832618056604,0.2632586184889078,0.006476385543589617,0.8612864056094384,0.011214563108999282,0.7286078231735806,0.014719510541094051,8
Fully Local,0.5,1.5026559759840357,0.11543080135348438,0.15483799185603853,0.0108023287242583,0.15483799185603853,0.0108023287242583,0.15483799185603853,0.0108023287242583,0.19049238488078113,0.01319773295575761,0.1675284361567729,0.011889169724514266,0.1954572283973296,0.01710770198690241,0.7564071222284792,0.021645888130229957,0.6356863848908065,0.015588952361675259,8
Fully Local,0.8,2.7262765313005075,0.3488889673951758,0.10893348480264342,0.005325373804049477,0.10893348480264342,0.005325373804049477,0.10893348480264342,0.005325373804049477,0.12225540305177367,0.0012946146481811918,0.20916597918086985,0.015483613929986442,0.20921810890237488,0.020389628947778345,0.8327896184390425,0.017857159106351137,0.677087597157946,0.021572249215630005,8
GCFL+,0.2,0.2741950515037401,0.028310539472590466,0.4071618964274724,0.03694500632928176,0.4071618964274724,0.03694500632928176,0.4071618964274724,0.03694500632928176,0.6397843798001608,0.027339887829884845,0.33514201005684496,0.02752114836979073,0.596166996161143,0.04101535093060958,0.9092701736874883,0.011692999399525202,0.755784136660786,0.01947264388819849,3
GCFL+,0.5,0.2704827358781227,0.008764926602693578,0.3818126613895098,0.018767516827731014,0.3818126613895098,0.018767516827731014,0.3818126613895098,0.018767516827731014,0.6303495546181997,0.023594445588432524,0.33085907237649786,0.009788562615362935,0.6266642784078916,0.021038329975919392,0.9089047005617571,0.0038333104411697305,0.744116374339912,0.00484658168238006,2
GCFL+,0.8,0.4852494660413291,0.08239281403113592,0.15418361015617843,0.02409579904553327,0.15418361015617843,0.02409579904553327,0.15418361015617843,0.02409579904553327,0.2509569828708966,0.07071648864721278,0.20279036215604992,0.03243705253333272,0.26963513394196825,0.11491565225759379,0.8231191920483129,0.036728071794035415,0.6687301909710638,0.017148909498982966,6
