method,q,seed,eval_loss,macro_f1,macro_minority_f1,macro_pos_f1,macro_pr_auc,micro_f1,micro_pr_auc,pair_acc,subset_acc
APPLE,0.2,0,0.651701427833443,0.2980319142341613,0.2980319142341613,0.2980319142341613,0.38117820024490356,0.2350151075039399,0.33966643735766405,0.8600672680976427,0.6631545921339895
APPLE,0.2,1,0.5002860454009737,0.2906718507409095,0.2906718507409095,0.2906718507409095,0.43576324433088304,0.2566486436268923,0.3828033521771431,0.8798931848156089,0.716383046133369
APPLE,0.2,2,0.693529555823009,0.3568440794944763,0.3568440794944763,0.3568440794944763,0.46741599440574644,0.28876625883883916,0.41386565417051313,0.8983646065410064,0.7249830253232294
APPLE,0.5,0,0.6414737904376349,0.283734867721796,0.283734867721796,0.283734867721796,0.3648331500589847,0.2652427256375586,0.36036124303936956,0.892764930514262,0.7294856317547516
APPLE,0.5,1,0.709616954573049,0.23850200623273846,0.23850200623273846,0.23850200623273846,0.3459156975150108,0.21683255263676085,0.2916738778352737,0.8523116339186009,0.6727858119104305
APPLE,0.5,2,0.876161563697224,0.12214714027941223,0.12214714027941223,0.12214714027941223,0.17432041168212886,0.13075772595893256,0.14412487633526322,0.7398853733812983,0.6453920610513127
APPLE,0.8,0,0.9028632358194486,0.10630657710134979,0.10630657710134979,0.10630657710134979,0.14970159344375128,0.15119929609307312,0.14083896614611144,0.7646516359495722,0.6443758235976695
APPLE,0.8,1,1.2085640616808413,0.12666819095611567,0.12666819095611567,0.12666819095611567,0.15209838040173052,0.20820874668610193,0.18089199215173718,0.8745032480421585,0.7558377695284862
APPLE,0.8,2,1.0947096306006803,0.1162021160125732,0.1162021160125732,0.1162021160125732,0.14376359954476353,0.19018784321051893,0.1975621715188026,0.834941923103826,0.699506924835063
APPLE-ALA,0.2,0,0.3527776192961267,0.3927144378423691,0.3927144378423691,0.3927144378423691,0.5620705127716065,0.32743525867704654,0.5079976454377174,0.9123122041916781,0.7522815794334395
APPLE-ALA,0.2,1,0.3402570160991056,0.40286403670907023,0.40286403670907023,0.40286403670907023,0.5651701152324676,0.33058322905944026,0.5140368849039078,0.9126323432733866,0.7472819826861282
APPLE-ALA,0.2,2,0.35738653239267765,0.4142362430691719,0.4142362430691719,0.4142362430691719,0.5861772030591965,0.33179015735920553,0.5352065667510033,0.9122900125870578,0.739521596357063
APPLE-ALA,0.5,0,0.40085509612408465,0.3274976179003716,0.3274976179003716,0.3274976179003716,0.4926980912685394,0.29333915489200013,0.4533410221338272,0.897164400384522,0.7290840239335628
APPLE-ALA,0.5,1,0.3657162116732008,0.3634969688951969,0.3634969688951969,0.3634969688951969,0.5247902914881706,0.3229579911802517,0.5065850511193275,0.9083066361937728,0.7381340734686773
APPLE-ALA,0.5,2,0.4053087129670237,0.3755830571055412,0.3755830571055412,0.3755830571055412,0.5519627675414085,0.33977232532007473,0.5451069712638855,0.9134674240520825,0.7477569237849561
APPLE-ALA,0.8,0,0.6489195734446807,0.23607035428285594,0.23607035428285594,0.23607035428285594,0.3479793533682823,0.29371745790432086,0.4109592720866203,0.8968526767646697,0.7156295007503739
APPLE-ALA,0.8,1,1.2153486656871018,0.18938657194375988,0.18938657194375988,0.18938657194375988,0.3068578630685806,0.2505382064222223,0.3863459132611752,0.8718937883396901,0.6937903027892518
APPLE-ALA,0.8,2,0.7015092141037198,0.1951138027012348,0.1951138027012348,0.1951138027012348,0.29724661260843277,0.25251788521148355,0.3790849011391401,0.8717829254944339,0.6916459014186463
APPLE-PostALA,0.2,0,0.328625216409814,0.40449040234088895,0.40449040234088895,0.40449040234088895,0.615800753235817,0.3281448623179421,0.5531540393829346,0.9095404014336615,0.7469664236854631
APPLE-PostALA,0.2,1,0.3451330993223317,0.41590622067451477,0.41590622067451477,0.41590622067451477,0.5955199480056763,0.32405287588605114,0.5442986786365509,0.9101040541295002,0.7364945505370957
APPLE-PostALA,0.2,2,0.33348849780643325,0.4338300719857216,0.4338300719857216,0.4338300719857216,0.5931214451789856,0.35455344162952607,0.552086491882801,0.9219495355375249,0.7664449843879503
APPLE-PostALA,0.5,0,0.3505977996428956,0.37580211460590357,0.37580211460590357,0.37580211460590357,0.5507410436868667,0.32321814387829007,0.5427196353673935,0.9085631898983572,0.7362996496300112
APPLE-PostALA,0.5,1,0.3236219922328698,0.3485491290688515,0.3485491290688515,0.3485491290688515,0.5641819536685944,0.31650525993176853,0.5544407606124878,0.9053690411508762,0.7333605077103471
APPLE-PostALA,0.5,2,0.33000446564479585,0.393635518848896,0.393635518848896,0.393635518848896,0.5819037958979607,0.34653555102218137,0.5595875561237336,0.9153907857600296,0.7542932074404126
APPLE-PostALA,0.8,0,0.5588523601299646,0.24613863676786418,0.24613863676786418,0.24613863676786418,0.3698593214154243,0.28646784733447567,0.45754507184028625,0.8961048112061816,0.7180540635900406
APPLE-PostALA,0.8,1,0.4390328579467485,0.24574509859085078,0.24574509859085078,0.24574509859085078,0.4179406508803368,0.3057190276692371,0.5162980146706104,0.9011602562179457,0.7262382297400178
APPLE-PostALA,0.8,2,0.4658799515175778,0.2678249321877956,0.2678249321877956,0.2678249321877956,0.4163640648126602,0.3257884021088276,0.5125773027539253,0.9119076882260855,0.7391215935304689
FedALA,0.2,0,0.4049487835811184,0.4129443481564522,0.4129443481564522,0.4129443481564522,0.5908572167158127,0.32630486612468645,0.5327589333057403,0.9096678811012703,0.7417025398726301
FedALA,0.2,1,0.35013576023958715,0.3875240385532379,0.3875240385532379,0.3875240385532379,0.5526899978518486,0.3198937853352291,0.5030614092946053,0.9055306016259557,0.7428102549725478
FedALA,0.2,2,0.38165633190726606,0.4210887119174004,0.4210887119174004,0.4210887119174004,0.5891101762652398,0.3434865516753804,0.5374094933271408,0.9152099625058344,0.7524115575458958
FedALA,0.5,0,0.3633180934675135,0.39140926599502557,0.39140926599502557,0.39140926599502557,0.555266124010086,0.34997680878194715,0.5429583549499511,0.9208787087926773,0.7706740653018325
FedALA,0.5,1,0.45402251763212964,0.3134517796337604,0.3134517796337604,0.3134517796337604,0.4441403031349182,0.2702045530853751,0.42418014332652093,0.8828444448154956,0.7119293450641948
FedALA,0.5,2,0.39663278251795564,0.3251444824039936,0.3251444824039936,0.3251444824039936,0.4758331924676895,0.29428874304657027,0.46332512944936755,0.8981798485876661,0.7322911262844979
FedALA,0.8,0,0.6542679407648129,0.21718954220414158,0.21718954220414158,0.21718954220414158,0.3378430515527725,0.2772125875792891,0.44315716773271563,0.8797076300612463,0.722853201949355
FedALA,0.8,1,0.7927272900176954,0.17321552522480482,0.17321552522480482,0.17321552522480482,0.2720382422208786,0.23002546777809219,0.32994180470705026,0.8542793153253747,0.7018814659481792
FedALA,0.8,2,0.7514382462513012,0.14014353118836878,0.14014353118836878,0.14014353118836878,0.19219208545982833,0.2006629752076436,0.25121522210538383,0.8224646344603084,0.670402138965267
FedAvg,0.2,0,0.31627550502553026,0.36510885804891585,0.36510885804891585,0.36510885804891585,0.6068161427974701,0.29668794285492645,0.5533377289772033,0.8933418833562768,0.7313506720870789
FedAvg,0.2,1,0.2557790157765837,0.4314501047134399,0.4314501047134399,0.4314501047134399,0.6739508181810379,0.3384686579130438,0.6484648048877716,0.9111688229236725,0.7495345589695599
FedAvg,0.2,2,0.25951414984741794,0.42833229899406433,0.42833229899406433,0.42833229899406433,0.6670114487409592,0.342005170312493,0.6264365762472153,0.9129688380697626,0.7541952977342664
FedAvg,0.5,0,0.25246498837966586,0.39468803256750107,0.39468803256750107,0.39468803256750107,0.6282379299402236,0.35343180195593404,0.6487209692597389,0.9170464021942223,0.7576091201016056
FedAvg,0.5,1,0.2645385307596973,0.37105595171451566,0.37105595171451566,0.37105595171451566,0.6099612653255463,0.3373373077576441,0.6184923365712166,0.9114139513238639,0.7593386567485164
FedAvg,0.5,2,0.26765934555639925,0.4146213099360466,0.4146213099360466,0.4146213099360466,0.6498909384012223,0.33647532253566836,0.6524861380457878,0.9102307068978582,0.7422405079001363
FedAvg,0.8,0,0.42798490854700183,0.18127336576581,0.18127336576581,0.18127336576581,0.40956247299909593,0.2129747797542246,0.45387518480420114,0.8371530930266798,0.6662349971600813
FedAvg,0.8,1,0.6543175479006216,0.11184021160006519,0.11184021160006519,0.11184021160006519,0.1747346997261047,0.14350835355334213,0.17836990952491755,0.7377681051494301,0.6078767303752428
FedAvg,0.8,2,0.4872784834675932,0.1475344646722078,0.1475344646722078,0.1475344646722078,0.28409099727869036,0.19507190995601814,0.2997061815112829,0.8184791076266636,0.6547542289080877
FedProx,0.2,0,0.2714504328188113,0.4014300167560577,0.4014300167560577,0.4014300167560577,0.6749424338340759,0.3290940921766419,0.6203974157571792,0.9073880535284251,0.7546149889148912
FedProx,0.2,1,0.254031565215806,0.4472007676959038,0.4472007676959038,0.4472007676959038,0.6832478225231171,0.3442845411784755,0.6484986513853073,0.9140064216975233,0.7568717000019494
FedProx,0.2,2,0.24184120830499084,0.4348060965538025,0.4348060965538025,0.4348060965538025,0.683495181798935,0.3684178527736889,0.6412087142467499,0.9215635702478735,0.7775036947236257
FedProx,0.5,0,0.28873117438121043,0.34576722681522365,0.34576722681522365,0.34576722681522365,0.6218366503715516,0.30876352311975896,0.621367509663105,0.8990836334258475,0.7394096129536811
FedProx,0.5,1,0.287810348187197,0.3699098795652389,0.3699098795652389,0.3699098795652389,0.6265517562627793,0.3016674774725382,0.6174881815910339,0.8945636929773972,0.713569794390642
FedProx,0.5,2,0.2703393774575198,0.3710368886590004,0.3710368886590004,0.3710368886590004,0.6462703704833984,0.3238501886531713,0.644297069311142,0.9056105057617229,0.7358805812773535
FedProx,0.8,0,0.3665062717833326,0.20014856085181232,0.20014856085181232,0.20014856085181232,0.44307966232299806,0.25134138602130673,0.5537739351391793,0.8684550515546199,0.6830730655815351
FedProx,0.8,1,0.5624172809306123,0.1294102422893047,0.1294102422893047,0.1294102422893047,0.1827123243361711,0.16987961878145694,0.1859870139509439,0.7850257179830302,0.6552553930299101
FedProx,0.8,2,0.5225042262436872,0.13512809872627254,0.13512809872627254,0.13512809872627254,0.2173306435346603,0.17852300712882901,0.24469688087701794,0.7978811823196434,0.6477759499514992
Fully Local,0.2,0,1.2463758030575547,0.2621295936405658,0.2621295936405658,0.2621295936405658,0.29429439343512054,0.23316057927121164,0.25920003838837147,0.8651147088618414,0.7301791443481611
Fully Local,0.2,1,1.2046460330039894,0.2628591574728488,0.2628591574728488,0.2628591574728488,0.30388329960405824,0.24168303210342984,0.27072753310203546,0.8486589680082683,0.7131656895148412
Fully Local,0.2,2,1.4576701831262284,0.27933147624135013,0.27933147624135013,0.27933147624135013,0.3018087051808834,0.2470432062510728,0.25984828397631643,0.8700855399582055,0.7424786356577395
Fully Local,0.5,0,1.375529436631338,0.14363970514386887,0.14363970514386887,0.14363970514386887,0.18209263086318966,0.15522752663858722,0.1880998525768518,0.7314136823526313,0.6177371340065225
Fully Local,0.5,1,1.6009093327929187,0.16519519016146655,0.16519519016146655,0.16519519016146655,0.2057042215019464,0.1789579131271624,0.21501279361546036,0.7691049523991486,0.6434846896902859
Fully Local,0.5,2,1.5315291585278508,0.15567908026278016,0.15567908026278016,0.15567908026278016,0.18368030227720736,0.16839986870456902,0.18325903899967666,0.7687027319336575,0.645837330975611
Fully Local,0.8,0,2.706630872845184,0.105287698097527,0.105287698097527,0.105287698097527,0.12103188484907146,0.20091452620321423,0.20325032323598857,0.8270892942865059,0.6662457098783735
Fully Local,0.8,1,2.387625476789424,0.10646793022751803,0.10646793022751803,0.10646793022751803,0.12361098974943159,0.19955571487358015,0.23192574679851527,0.8184785492143071,0.6630868506966099
Fully Local,0.8,2,3.0845732442669145,0.11504482608288522,0.11504482608288522,0.11504482608288522,0.12212333455681797,0.2270276964658151,0.19247825667262075,0.8528010118163143,0.7019302308988545
GCFL+,0.2,0,0.2640383448568596,0.41946474760770797,0.41946474760770797,0.41946474760770797,0.6438273638486862,0.3402420885022467,0.604951785504818,0.9124984546953472,0.7523381497721051
GCFL+,0.2,1,0.3061828386338588,0.3656351491808891,0.3656351491808891,0.3656351491808891,0.6106481283903122,0.30542755463426785,0.5514710083603859,0.8963021842212898,0.7382645278702709
GCFL+,0.2,2,0.25236397102050173,0.4363857924938202,0.4363857924938202,0.4363857924938202,0.6648776471614838,0.35975638703402024,0.6320781946182251,0.9190098821458281,0.7767497323399822
GCFL+,0.5,0,0.2804762900395621,0.3655589029192924,0.3655589029192924,0.3655589029192924,0.6203385293483734,0.31969279857389443,0.621316696703434,0.9046283038504622,0.740783766673494
GCFL+,0.5,1,0.2641001035497712,0.4023524850606918,0.4023524850606918,0.4023524850606918,0.6572989135980606,0.334925072138695,0.6498603463172913,0.9100536606679919,0.7418891388307896
GCFL+,0.5,2,0.2668718140450348,0.37752659618854517,0.37752659618854517,0.37752659618854517,0.613411220908165,0.3379593464169041,0.6088157922029496,0.9120321371668171,0.7496762175154521
GCFL+,0.8,0,0.4118775120239411,0.1776494644582271,0.1776494644582271,0.1776494644582271,0.3295672699809074,0.23468498550269706,0.3972927212715149,0.8568579868921073,0.6867261956041202
GCFL+,0.8,1,0.5743853532188887,0.12950376085937018,0.12950376085937018,0.12950376085937018,0.19251708462834355,0.1698368125615452,0.17444932460784907,0.7839962207657055,0.6525772630826259
GCFL+,0.8,2,0.4694855328811576,0.155397605150938,0.155397605150938,0.155397605150938,0.2307865940034389,0.2038492884039075,0.23716335594654078,0.8285033684871257,0.6668871142264452
