run_type,algorithm,subset_id,subset_clients,graph_id,dataset_id,num_clients,client_fraction,out_csv,ckpt_path,rounds,local_epochs,selection_metric,mcw,num_layers,lr,weight_decay,dropout,hidden_dim,use_ego_ids,batch_size,seed,model_tag
local,local,,510|859,510,data_2000_5_5.5_chordal,1,1.0,andrea/runs/data_2000_5_5.5_chordal_rounds80_epoch1_mcwauto_layers6_lr0.001_wd0.0001_do0.1_hd64_egoTrue_bs64_seed0.csv,andrea/runs/data_2000_5_5.5_chordal_rounds80_epoch1_mcwauto_layers6_lr0.001_wd0.0001_do0.1_hd64_egoTrue_bs64_seed0.pt,80,1,loss,auto,6,0.001,0.0001,0.1,64,True,64,0,mcwauto_layers6_lr0.001_wd0.0001_do0.1_hd64_egoTrue_bs64
local,local,,510|859,859,data_2000_4_1.5_chordal,1,1.0,andrea/runs/data_2000_4_1.5_chordal_rounds80_epoch1_mcwauto_layers6_lr0.001_wd0.0001_do0.1_hd64_egoTrue_bs64_seed0.csv,andrea/runs/data_2000_4_1.5_chordal_rounds80_epoch1_mcwauto_layers6_lr0.001_wd0.0001_do0.1_hd64_egoTrue_bs64_seed0.pt,80,1,loss,auto,6,0.001,0.0001,0.1,64,True,64,0,mcwauto_layers6_lr0.001_wd0.0001_do0.1_hd64_egoTrue_bs64
fedavg,fedavg,510|859,510|859,all,data_2000_5_5.5_chordal|data_2000_4_1.5_chordal,2,1.0,andrea/runs/fedavg510|859_rounds80_epoch5_mcwauto_layers6_lr0.001_wd0.0001_do0.1_hd64_egoTrue_bs64_seed0.csv,andrea/runs/fedavg510|859_rounds80_epoch5_mcwauto_layers6_lr0.001_wd0.0001_do0.1_hd64_egoTrue_bs64_seed0.pt,80,5,loss,auto,6,0.001,0.0001,0.1,64,True,64,0,mcwauto_layers6_lr0.001_wd0.0001_do0.1_hd64_egoTrue_bs64
local,local,,504|859,504,data_2000_3_11_chordal,1,1.0,andrea/runs/data_2000_3_11_chordal_rounds80_epoch1_mcwauto_layers6_lr0.001_wd0.0001_do0.1_hd64_egoTrue_bs64_seed0.csv,andrea/runs/data_2000_3_11_chordal_rounds80_epoch1_mcwauto_layers6_lr0.001_wd0.0001_do0.1_hd64_egoTrue_bs64_seed0.pt,80,1,loss,auto,6,0.001,0.0001,0.1,64,True,64,0,mcwauto_layers6_lr0.001_wd0.0001_do0.1_hd64_egoTrue_bs64
local,local,,504|859,859,data_2000_4_1.5_chordal,1,1.0,andrea/runs/data_2000_4_1.5_chordal_rounds80_epoch1_mcwauto_layers6_lr0.001_wd0.0001_do0.1_hd64_egoTrue_bs64_seed0.csv,andrea/runs/data_2000_4_1.5_chordal_rounds80_epoch1_mcwauto_layers6_lr0.001_wd0.0001_do0.1_hd64_egoTrue_bs64_seed0.pt,80,1,loss,auto,6,0.001,0.0001,0.1,64,True,64,0,mcwauto_layers6_lr0.001_wd0.0001_do0.1_hd64_egoTrue_bs64
fedavg,fedavg,504|859,504|859,all,data_2000_3_11_chordal|data_2000_4_1.5_chordal,2,1.0,andrea/runs/fedavg504|859_rounds80_epoch5_mcwauto_layers6_lr0.001_wd0.0001_do0.1_hd64_egoTrue_bs64_seed0.csv,andrea/runs/fedavg504|859_rounds80_epoch5_mcwauto_layers6_lr0.001_wd0.0001_do0.1_hd64_egoTrue_bs64_seed0.pt,80,5,loss,auto,6,0.001,0.0001,0.1,64,True,64,0,mcwauto_layers6_lr0.001_wd0.0001_do0.1_hd64_egoTrue_bs64
local,local,,434|504,434,data_4000_5_2.0_chordal,1,1.0,andrea/runs/data_4000_5_2.0_chordal_rounds80_epoch1_mcwauto_layers6_lr0.001_wd0.0001_do0.1_hd64_egoTrue_bs64_seed0.csv,andrea/runs/data_4000_5_2.0_chordal_rounds80_epoch1_mcwauto_layers6_lr0.001_wd0.0001_do0.1_hd64_egoTrue_bs64_seed0.pt,80,1,loss,auto,6,0.001,0.0001,0.1,64,True,64,0,mcwauto_layers6_lr0.001_wd0.0001_do0.1_hd64_egoTrue_bs64
local,local,,434|504,504,data_2000_3_11_chordal,1,1.0,andrea/runs/data_2000_3_11_chordal_rounds80_epoch1_mcwauto_layers6_lr0.001_wd0.0001_do0.1_hd64_egoTrue_bs64_seed0.csv,andrea/runs/data_2000_3_11_chordal_rounds80_epoch1_mcwauto_layers6_lr0.001_wd0.0001_do0.1_hd64_egoTrue_bs64_seed0.pt,80,1,loss,auto,6,0.001,0.0001,0.1,64,True,64,0,mcwauto_layers6_lr0.001_wd0.0001_do0.1_hd64_egoTrue_bs64
fedavg,fedavg,434|504,434|504,all,data_4000_5_2.0_chordal|data_2000_3_11_chordal,2,1.0,andrea/runs/fedavg434|504_rounds80_epoch5_mcwauto_layers6_lr0.001_wd0.0001_do0.1_hd64_egoTrue_bs64_seed0.csv,andrea/runs/fedavg434|504_rounds80_epoch5_mcwauto_layers6_lr0.001_wd0.0001_do0.1_hd64_egoTrue_bs64_seed0.pt,80,5,loss,auto,6,0.001,0.0001,0.1,64,True,64,0,mcwauto_layers6_lr0.001_wd0.0001_do0.1_hd64_egoTrue_bs64
local,local,,49|374,49,data_2000_3_6.5_chordal,1,1.0,andrea/runs/data_2000_3_6.5_chordal_rounds80_epoch1_mcwauto_layers6_lr0.001_wd0.0001_do0.1_hd64_egoTrue_bs64_seed0.csv,andrea/runs/data_2000_3_6.5_chordal_rounds80_epoch1_mcwauto_layers6_lr0.001_wd0.0001_do0.1_hd64_egoTrue_bs64_seed0.pt,80,1,loss,auto,6,0.001,0.0001,0.1,64,True,64,0,mcwauto_layers6_lr0.001_wd0.0001_do0.1_hd64_egoTrue_bs64
local,local,,49|374,374,data_2000_3_7.0_chordal,1,1.0,andrea/runs/data_2000_3_7.0_chordal_rounds80_epoch1_mcwauto_layers6_lr0.001_wd0.0001_do0.1_hd64_egoTrue_bs64_seed0.csv,andrea/runs/data_2000_3_7.0_chordal_rounds80_epoch1_mcwauto_layers6_lr0.001_wd0.0001_do0.1_hd64_egoTrue_bs64_seed0.pt,80,1,loss,auto,6,0.001,0.0001,0.1,64,True,64,0,mcwauto_layers6_lr0.001_wd0.0001_do0.1_hd64_egoTrue_bs64
fedavg,fedavg,49|374,49|374,all,data_2000_3_6.5_chordal|data_2000_3_7.0_chordal,2,1.0,andrea/runs/fedavg49|374_rounds80_epoch5_mcwauto_layers6_lr0.001_wd0.0001_do0.1_hd64_egoTrue_bs64_seed0.csv,andrea/runs/fedavg49|374_rounds80_epoch5_mcwauto_layers6_lr0.001_wd0.0001_do0.1_hd64_egoTrue_bs64_seed0.pt,80,5,loss,auto,6,0.001,0.0001,0.1,64,True,64,0,mcwauto_layers6_lr0.001_wd0.0001_do0.1_hd64_egoTrue_bs64
local,local,,341|859,341,data_2000_5_5.0_chordal,1,1.0,andrea/runs/data_2000_5_5.0_chordal_rounds80_epoch1_mcwauto_layers6_lr0.001_wd0.0001_do0.1_hd64_egoTrue_bs64_seed0.csv,andrea/runs/data_2000_5_5.0_chordal_rounds80_epoch1_mcwauto_layers6_lr0.001_wd0.0001_do0.1_hd64_egoTrue_bs64_seed0.pt,80,1,loss,auto,6,0.001,0.0001,0.1,64,True,64,0,mcwauto_layers6_lr0.001_wd0.0001_do0.1_hd64_egoTrue_bs64
local,local,,341|859,859,data_2000_4_1.5_chordal,1,1.0,andrea/runs/data_2000_4_1.5_chordal_rounds80_epoch1_mcwauto_layers6_lr0.001_wd0.0001_do0.1_hd64_egoTrue_bs64_seed0.csv,andrea/runs/data_2000_4_1.5_chordal_rounds80_epoch1_mcwauto_layers6_lr0.001_wd0.0001_do0.1_hd64_egoTrue_bs64_seed0.pt,80,1,loss,auto,6,0.001,0.0001,0.1,64,True,64,0,mcwauto_layers6_lr0.001_wd0.0001_do0.1_hd64_egoTrue_bs64
fedavg,fedavg,341|859,341|859,all,data_2000_5_5.0_chordal|data_2000_4_1.5_chordal,2,1.0,andrea/runs/fedavg341|859_rounds80_epoch5_mcwauto_layers6_lr0.001_wd0.0001_do0.1_hd64_egoTrue_bs64_seed0.csv,andrea/runs/fedavg341|859_rounds80_epoch5_mcwauto_layers6_lr0.001_wd0.0001_do0.1_hd64_egoTrue_bs64_seed0.pt,80,5,loss,auto,6,0.001,0.0001,0.1,64,True,64,0,mcwauto_layers6_lr0.001_wd0.0001_do0.1_hd64_egoTrue_bs64
local,local,,510|859,510,data_2000_5_5.5_chordal,1,1.0,andrea/runs/data_2000_5_5.5_chordal_rounds80_epoch1_mcwauto_layers6_lr0.001_wd0.0001_do0.1_hd64_egoTrue_bs64_seed1.csv,andrea/runs/data_2000_5_5.5_chordal_rounds80_epoch1_mcwauto_layers6_lr0.001_wd0.0001_do0.1_hd64_egoTrue_bs64_seed1.pt,80,1,loss,auto,6,0.001,0.0001,0.1,64,True,64,1,mcwauto_layers6_lr0.001_wd0.0001_do0.1_hd64_egoTrue_bs64
local,local,,510|859,859,data_2000_4_1.5_chordal,1,1.0,andrea/runs/data_2000_4_1.5_chordal_rounds80_epoch1_mcwauto_layers6_lr0.001_wd0.0001_do0.1_hd64_egoTrue_bs64_seed1.csv,andrea/runs/data_2000_4_1.5_chordal_rounds80_epoch1_mcwauto_layers6_lr0.001_wd0.0001_do0.1_hd64_egoTrue_bs64_seed1.pt,80,1,loss,auto,6,0.001,0.0001,0.1,64,True,64,1,mcwauto_layers6_lr0.001_wd0.0001_do0.1_hd64_egoTrue_bs64
fedavg,fedavg,510|859,510|859,all,data_2000_5_5.5_chordal|data_2000_4_1.5_chordal,2,1.0,andrea/runs/fedavg510|859_rounds80_epoch5_mcwauto_layers6_lr0.001_wd0.0001_do0.1_hd64_egoTrue_bs64_seed1.csv,andrea/runs/fedavg510|859_rounds80_epoch5_mcwauto_layers6_lr0.001_wd0.0001_do0.1_hd64_egoTrue_bs64_seed1.pt,80,5,loss,auto,6,0.001,0.0001,0.1,64,True,64,1,mcwauto_layers6_lr0.001_wd0.0001_do0.1_hd64_egoTrue_bs64
local,local,,504|859,504,data_2000_3_11_chordal,1,1.0,andrea/runs/data_2000_3_11_chordal_rounds80_epoch1_mcwauto_layers6_lr0.001_wd0.0001_do0.1_hd64_egoTrue_bs64_seed1.csv,andrea/runs/data_2000_3_11_chordal_rounds80_epoch1_mcwauto_layers6_lr0.001_wd0.0001_do0.1_hd64_egoTrue_bs64_seed1.pt,80,1,loss,auto,6,0.001,0.0001,0.1,64,True,64,1,mcwauto_layers6_lr0.001_wd0.0001_do0.1_hd64_egoTrue_bs64
local,local,,504|859,859,data_2000_4_1.5_chordal,1,1.0,andrea/runs/data_2000_4_1.5_chordal_rounds80_epoch1_mcwauto_layers6_lr0.001_wd0.0001_do0.1_hd64_egoTrue_bs64_seed1.csv,andrea/runs/data_2000_4_1.5_chordal_rounds80_epoch1_mcwauto_layers6_lr0.001_wd0.0001_do0.1_hd64_egoTrue_bs64_seed1.pt,80,1,loss,auto,6,0.001,0.0001,0.1,64,True,64,1,mcwauto_layers6_lr0.001_wd0.0001_do0.1_hd64_egoTrue_bs64
fedavg,fedavg,504|859,504|859,all,data_2000_3_11_chordal|data_2000_4_1.5_chordal,2,1.0,andrea/runs/fedavg504|859_rounds80_epoch5_mcwauto_layers6_lr0.001_wd0.0001_do0.1_hd64_egoTrue_bs64_seed1.csv,andrea/runs/fedavg504|859_rounds80_epoch5_mcwauto_layers6_lr0.001_wd0.0001_do0.1_hd64_egoTrue_bs64_seed1.pt,80,5,loss,auto,6,0.001,0.0001,0.1,64,True,64,1,mcwauto_layers6_lr0.001_wd0.0001_do0.1_hd64_egoTrue_bs64
local,local,,434|504,434,data_4000_5_2.0_chordal,1,1.0,andrea/runs/data_4000_5_2.0_chordal_rounds80_epoch1_mcwauto_layers6_lr0.001_wd0.0001_do0.1_hd64_egoTrue_bs64_seed1.csv,andrea/runs/data_4000_5_2.0_chordal_rounds80_epoch1_mcwauto_layers6_lr0.001_wd0.0001_do0.1_hd64_egoTrue_bs64_seed1.pt,80,1,loss,auto,6,0.001,0.0001,0.1,64,True,64,1,mcwauto_layers6_lr0.001_wd0.0001_do0.1_hd64_egoTrue_bs64
local,local,,434|504,504,data_2000_3_11_chordal,1,1.0,andrea/runs/data_2000_3_11_chordal_rounds80_epoch1_mcwauto_layers6_lr0.001_wd0.0001_do0.1_hd64_egoTrue_bs64_seed1.csv,andrea/runs/data_2000_3_11_chordal_rounds80_epoch1_mcwauto_layers6_lr0.001_wd0.0001_do0.1_hd64_egoTrue_bs64_seed1.pt,80,1,loss,auto,6,0.001,0.0001,0.1,64,True,64,1,mcwauto_layers6_lr0.001_wd0.0001_do0.1_hd64_egoTrue_bs64
fedavg,fedavg,434|504,434|504,all,data_4000_5_2.0_chordal|data_2000_3_11_chordal,2,1.0,andrea/runs/fedavg434|504_rounds80_epoch5_mcwauto_layers6_lr0.001_wd0.0001_do0.1_hd64_egoTrue_bs64_seed1.csv,andrea/runs/fedavg434|504_rounds80_epoch5_mcwauto_layers6_lr0.001_wd0.0001_do0.1_hd64_egoTrue_bs64_seed1.pt,80,5,loss,auto,6,0.001,0.0001,0.1,64,True,64,1,mcwauto_layers6_lr0.001_wd0.0001_do0.1_hd64_egoTrue_bs64
local,local,,49|374,49,data_2000_3_6.5_chordal,1,1.0,andrea/runs/data_2000_3_6.5_chordal_rounds80_epoch1_mcwauto_layers6_lr0.001_wd0.0001_do0.1_hd64_egoTrue_bs64_seed1.csv,andrea/runs/data_2000_3_6.5_chordal_rounds80_epoch1_mcwauto_layers6_lr0.001_wd0.0001_do0.1_hd64_egoTrue_bs64_seed1.pt,80,1,loss,auto,6,0.001,0.0001,0.1,64,True,64,1,mcwauto_layers6_lr0.001_wd0.0001_do0.1_hd64_egoTrue_bs64
local,local,,49|374,374,data_2000_3_7.0_chordal,1,1.0,andrea/runs/data_2000_3_7.0_chordal_rounds80_epoch1_mcwauto_layers6_lr0.001_wd0.0001_do0.1_hd64_egoTrue_bs64_seed1.csv,andrea/runs/data_2000_3_7.0_chordal_rounds80_epoch1_mcwauto_layers6_lr0.001_wd0.0001_do0.1_hd64_egoTrue_bs64_seed1.pt,80,1,loss,auto,6,0.001,0.0001,0.1,64,True,64,1,mcwauto_layers6_lr0.001_wd0.0001_do0.1_hd64_egoTrue_bs64
fedavg,fedavg,49|374,49|374,all,data_2000_3_6.5_chordal|data_2000_3_7.0_chordal,2,1.0,andrea/runs/fedavg49|374_rounds80_epoch5_mcwauto_layers6_lr0.001_wd0.0001_do0.1_hd64_egoTrue_bs64_seed1.csv,andrea/runs/fedavg49|374_rounds80_epoch5_mcwauto_layers6_lr0.001_wd0.0001_do0.1_hd64_egoTrue_bs64_seed1.pt,80,5,loss,auto,6,0.001,0.0001,0.1,64,True,64,1,mcwauto_layers6_lr0.001_wd0.0001_do0.1_hd64_egoTrue_bs64
local,local,,341|859,341,data_2000_5_5.0_chordal,1,1.0,andrea/runs/data_2000_5_5.0_chordal_rounds80_epoch1_mcwauto_layers6_lr0.001_wd0.0001_do0.1_hd64_egoTrue_bs64_seed1.csv,andrea/runs/data_2000_5_5.0_chordal_rounds80_epoch1_mcwauto_layers6_lr0.001_wd0.0001_do0.1_hd64_egoTrue_bs64_seed1.pt,80,1,loss,auto,6,0.001,0.0001,0.1,64,True,64,1,mcwauto_layers6_lr0.001_wd0.0001_do0.1_hd64_egoTrue_bs64
local,local,,341|859,859,data_2000_4_1.5_chordal,1,1.0,andrea/runs/data_2000_4_1.5_chordal_rounds80_epoch1_mcwauto_layers6_lr0.001_wd0.0001_do0.1_hd64_egoTrue_bs64_seed1.csv,andrea/runs/data_2000_4_1.5_chordal_rounds80_epoch1_mcwauto_layers6_lr0.001_wd0.0001_do0.1_hd64_egoTrue_bs64_seed1.pt,80,1,loss,auto,6,0.001,0.0001,0.1,64,True,64,1,mcwauto_layers6_lr0.001_wd0.0001_do0.1_hd64_egoTrue_bs64
fedavg,fedavg,341|859,341|859,all,data_2000_5_5.0_chordal|data_2000_4_1.5_chordal,2,1.0,andrea/runs/fedavg341|859_rounds80_epoch5_mcwauto_layers6_lr0.001_wd0.0001_do0.1_hd64_egoTrue_bs64_seed1.csv,andrea/runs/fedavg341|859_rounds80_epoch5_mcwauto_layers6_lr0.001_wd0.0001_do0.1_hd64_egoTrue_bs64_seed1.pt,80,5,loss,auto,6,0.001,0.0001,0.1,64,True,64,1,mcwauto_layers6_lr0.001_wd0.0001_do0.1_hd64_egoTrue_bs64
local,local,,510|859,510,data_2000_5_5.5_chordal,1,1.0,andrea/runs/data_2000_5_5.5_chordal_rounds80_epoch1_mcwauto_layers6_lr0.001_wd0.0001_do0.1_hd64_egoTrue_bs64_seed2.csv,andrea/runs/data_2000_5_5.5_chordal_rounds80_epoch1_mcwauto_layers6_lr0.001_wd0.0001_do0.1_hd64_egoTrue_bs64_seed2.pt,80,1,loss,auto,6,0.001,0.0001,0.1,64,True,64,2,mcwauto_layers6_lr0.001_wd0.0001_do0.1_hd64_egoTrue_bs64
local,local,,510|859,859,data_2000_4_1.5_chordal,1,1.0,andrea/runs/data_2000_4_1.5_chordal_rounds80_epoch1_mcwauto_layers6_lr0.001_wd0.0001_do0.1_hd64_egoTrue_bs64_seed2.csv,andrea/runs/data_2000_4_1.5_chordal_rounds80_epoch1_mcwauto_layers6_lr0.001_wd0.0001_do0.1_hd64_egoTrue_bs64_seed2.pt,80,1,loss,auto,6,0.001,0.0001,0.1,64,True,64,2,mcwauto_layers6_lr0.001_wd0.0001_do0.1_hd64_egoTrue_bs64
fedavg,fedavg,510|859,510|859,all,data_2000_5_5.5_chordal|data_2000_4_1.5_chordal,2,1.0,andrea/runs/fedavg510|859_rounds80_epoch5_mcwauto_layers6_lr0.001_wd0.0001_do0.1_hd64_egoTrue_bs64_seed2.csv,andrea/runs/fedavg510|859_rounds80_epoch5_mcwauto_layers6_lr0.001_wd0.0001_do0.1_hd64_egoTrue_bs64_seed2.pt,80,5,loss,auto,6,0.001,0.0001,0.1,64,True,64,2,mcwauto_layers6_lr0.001_wd0.0001_do0.1_hd64_egoTrue_bs64
local,local,,504|859,504,data_2000_3_11_chordal,1,1.0,andrea/runs/data_2000_3_11_chordal_rounds80_epoch1_mcwauto_layers6_lr0.001_wd0.0001_do0.1_hd64_egoTrue_bs64_seed2.csv,andrea/runs/data_2000_3_11_chordal_rounds80_epoch1_mcwauto_layers6_lr0.001_wd0.0001_do0.1_hd64_egoTrue_bs64_seed2.pt,80,1,loss,auto,6,0.001,0.0001,0.1,64,True,64,2,mcwauto_layers6_lr0.001_wd0.0001_do0.1_hd64_egoTrue_bs64
local,local,,504|859,859,data_2000_4_1.5_chordal,1,1.0,andrea/runs/data_2000_4_1.5_chordal_rounds80_epoch1_mcwauto_layers6_lr0.001_wd0.0001_do0.1_hd64_egoTrue_bs64_seed2.csv,andrea/runs/data_2000_4_1.5_chordal_rounds80_epoch1_mcwauto_layers6_lr0.001_wd0.0001_do0.1_hd64_egoTrue_bs64_seed2.pt,80,1,loss,auto,6,0.001,0.0001,0.1,64,True,64,2,mcwauto_layers6_lr0.001_wd0.0001_do0.1_hd64_egoTrue_bs64
fedavg,fedavg,504|859,504|859,all,data_2000_3_11_chordal|data_2000_4_1.5_chordal,2,1.0,andrea/runs/fedavg504|859_rounds80_epoch5_mcwauto_layers6_lr0.001_wd0.0001_do0.1_hd64_egoTrue_bs64_seed2.csv,andrea/runs/fedavg504|859_rounds80_epoch5_mcwauto_layers6_lr0.001_wd0.0001_do0.1_hd64_egoTrue_bs64_seed2.pt,80,5,loss,auto,6,0.001,0.0001,0.1,64,True,64,2,mcwauto_layers6_lr0.001_wd0.0001_do0.1_hd64_egoTrue_bs64
local,local,,434|504,434,data_4000_5_2.0_chordal,1,1.0,andrea/runs/data_4000_5_2.0_chordal_rounds80_epoch1_mcwauto_layers6_lr0.001_wd0.0001_do0.1_hd64_egoTrue_bs64_seed2.csv,andrea/runs/data_4000_5_2.0_chordal_rounds80_epoch1_mcwauto_layers6_lr0.001_wd0.0001_do0.1_hd64_egoTrue_bs64_seed2.pt,80,1,loss,auto,6,0.001,0.0001,0.1,64,True,64,2,mcwauto_layers6_lr0.001_wd0.0001_do0.1_hd64_egoTrue_bs64
local,local,,434|504,504,data_2000_3_11_chordal,1,1.0,andrea/runs/data_2000_3_11_chordal_rounds80_epoch1_mcwauto_layers6_lr0.001_wd0.0001_do0.1_hd64_egoTrue_bs64_seed2.csv,andrea/runs/data_2000_3_11_chordal_rounds80_epoch1_mcwauto_layers6_lr0.001_wd0.0001_do0.1_hd64_egoTrue_bs64_seed2.pt,80,1,loss,auto,6,0.001,0.0001,0.1,64,True,64,2,mcwauto_layers6_lr0.001_wd0.0001_do0.1_hd64_egoTrue_bs64
fedavg,fedavg,434|504,434|504,all,data_4000_5_2.0_chordal|data_2000_3_11_chordal,2,1.0,andrea/runs/fedavg434|504_rounds80_epoch5_mcwauto_layers6_lr0.001_wd0.0001_do0.1_hd64_egoTrue_bs64_seed2.csv,andrea/runs/fedavg434|504_rounds80_epoch5_mcwauto_layers6_lr0.001_wd0.0001_do0.1_hd64_egoTrue_bs64_seed2.pt,80,5,loss,auto,6,0.001,0.0001,0.1,64,True,64,2,mcwauto_layers6_lr0.001_wd0.0001_do0.1_hd64_egoTrue_bs64
local,local,,49|374,49,data_2000_3_6.5_chordal,1,1.0,andrea/runs/data_2000_3_6.5_chordal_rounds80_epoch1_mcwauto_layers6_lr0.001_wd0.0001_do0.1_hd64_egoTrue_bs64_seed2.csv,andrea/runs/data_2000_3_6.5_chordal_rounds80_epoch1_mcwauto_layers6_lr0.001_wd0.0001_do0.1_hd64_egoTrue_bs64_seed2.pt,80,1,loss,auto,6,0.001,0.0001,0.1,64,True,64,2,mcwauto_layers6_lr0.001_wd0.0001_do0.1_hd64_egoTrue_bs64
local,local,,49|374,374,data_2000_3_7.0_chordal,1,1.0,andrea/runs/data_2000_3_7.0_chordal_rounds80_epoch1_mcwauto_layers6_lr0.001_wd0.0001_do0.1_hd64_egoTrue_bs64_seed2.csv,andrea/runs/data_2000_3_7.0_chordal_rounds80_epoch1_mcwauto_layers6_lr0.001_wd0.0001_do0.1_hd64_egoTrue_bs64_seed2.pt,80,1,loss,auto,6,0.001,0.0001,0.1,64,True,64,2,mcwauto_layers6_lr0.001_wd0.0001_do0.1_hd64_egoTrue_bs64
fedavg,fedavg,49|374,49|374,all,data_2000_3_6.5_chordal|data_2000_3_7.0_chordal,2,1.0,andrea/runs/fedavg49|374_rounds80_epoch5_mcwauto_layers6_lr0.001_wd0.0001_do0.1_hd64_egoTrue_bs64_seed2.csv,andrea/runs/fedavg49|374_rounds80_epoch5_mcwauto_layers6_lr0.001_wd0.0001_do0.1_hd64_egoTrue_bs64_seed2.pt,80,5,loss,auto,6,0.001,0.0001,0.1,64,True,64,2,mcwauto_layers6_lr0.001_wd0.0001_do0.1_hd64_egoTrue_bs64
local,local,,341|859,341,data_2000_5_5.0_chordal,1,1.0,andrea/runs/data_2000_5_5.0_chordal_rounds80_epoch1_mcwauto_layers6_lr0.001_wd0.0001_do0.1_hd64_egoTrue_bs64_seed2.csv,andrea/runs/data_2000_5_5.0_chordal_rounds80_epoch1_mcwauto_layers6_lr0.001_wd0.0001_do0.1_hd64_egoTrue_bs64_seed2.pt,80,1,loss,auto,6,0.001,0.0001,0.1,64,True,64,2,mcwauto_layers6_lr0.001_wd0.0001_do0.1_hd64_egoTrue_bs64
local,local,,341|859,859,data_2000_4_1.5_chordal,1,1.0,andrea/runs/data_2000_4_1.5_chordal_rounds80_epoch1_mcwauto_layers6_lr0.001_wd0.0001_do0.1_hd64_egoTrue_bs64_seed2.csv,andrea/runs/data_2000_4_1.5_chordal_rounds80_epoch1_mcwauto_layers6_lr0.001_wd0.0001_do0.1_hd64_egoTrue_bs64_seed2.pt,80,1,loss,auto,6,0.001,0.0001,0.1,64,True,64,2,mcwauto_layers6_lr0.001_wd0.0001_do0.1_hd64_egoTrue_bs64
fedavg,fedavg,341|859,341|859,all,data_2000_5_5.0_chordal|data_2000_4_1.5_chordal,2,1.0,andrea/runs/fedavg341|859_rounds80_epoch5_mcwauto_layers6_lr0.001_wd0.0001_do0.1_hd64_egoTrue_bs64_seed2.csv,andrea/runs/fedavg341|859_rounds80_epoch5_mcwauto_layers6_lr0.001_wd0.0001_do0.1_hd64_egoTrue_bs64_seed2.pt,80,5,loss,auto,6,0.001,0.0001,0.1,64,True,64,2,mcwauto_layers6_lr0.001_wd0.0001_do0.1_hd64_egoTrue_bs64
