run_type,algorithm,subset_id,subset_clients,graph_id,dataset_id,num_clients,client_fraction,out_csv,ckpt_path,rounds,local_epochs,selection_metric,mcw,num_layers,lr,weight_decay,dropout,hidden_dim,use_ego_ids,batch_size,seed,model_tag,family
local,local,,178|96|176|19|174|175|172|95|101|103|22|29|8|166|10|2|40|38|204|117,174,data_4200_4_3.0_chordal_rep02,1,1.0,andrea/runs/data_4200_4_3.0_chordal_rep02_rounds80_epoch1_mcwauto_layers6_lr0.001_wd0.0001_do0.1_hd64_egoTrue_bs64_seed2.csv,andrea/runs/data_4200_4_3.0_chordal_rep02_rounds80_epoch1_mcwauto_layers6_lr0.001_wd0.0001_do0.1_hd64_egoTrue_bs64_seed2.pt,80,1,loss,auto,6,0.001,0.0001,0.1,64,True,64,2,mcwauto_layers6_lr0.001_wd0.0001_do0.1_hd64_egoTrue_bs64,mild_decreasing
local,local,,178|96|176|19|174|175|172|95|101|103|22|29|8|166|10|2|40|38|204|117,175,data_4200_4_3.0_chordal_rep03,1,1.0,andrea/runs/data_4200_4_3.0_chordal_rep03_rounds80_epoch1_mcwauto_layers6_lr0.001_wd0.0001_do0.1_hd64_egoTrue_bs64_seed2.csv,andrea/runs/data_4200_4_3.0_chordal_rep03_rounds80_epoch1_mcwauto_layers6_lr0.001_wd0.0001_do0.1_hd64_egoTrue_bs64_seed2.pt,80,1,loss,auto,6,0.001,0.0001,0.1,64,True,64,2,mcwauto_layers6_lr0.001_wd0.0001_do0.1_hd64_egoTrue_bs64,mild_decreasing
local,local,,178|96|176|19|174|175|172|95|101|103|22|29|8|166|10|2|40|38|204|117,172,data_4200_4_3.0_chordal_rep00,1,1.0,andrea/runs/data_4200_4_3.0_chordal_rep00_rounds80_epoch1_mcwauto_layers6_lr0.001_wd0.0001_do0.1_hd64_egoTrue_bs64_seed2.csv,andrea/runs/data_4200_4_3.0_chordal_rep00_rounds80_epoch1_mcwauto_layers6_lr0.001_wd0.0001_do0.1_hd64_egoTrue_bs64_seed2.pt,80,1,loss,auto,6,0.001,0.0001,0.1,64,True,64,2,mcwauto_layers6_lr0.001_wd0.0001_do0.1_hd64_egoTrue_bs64,mild_decreasing
local,local,,178|96|176|19|174|175|172|95|101|103|22|29|8|166|10|2|40|38|204|117,95,data_4000_4_3.0_chordal_rep03,1,1.0,andrea/runs/data_4000_4_3.0_chordal_rep03_rounds80_epoch1_mcwauto_layers6_lr0.001_wd0.0001_do0.1_hd64_egoTrue_bs64_seed2.csv,andrea/runs/data_4000_4_3.0_chordal_rep03_rounds80_epoch1_mcwauto_layers6_lr0.001_wd0.0001_do0.1_hd64_egoTrue_bs64_seed2.pt,80,1,loss,auto,6,0.001,0.0001,0.1,64,True,64,2,mcwauto_layers6_lr0.001_wd0.0001_do0.1_hd64_egoTrue_bs64,mild_decreasing
local,local,,178|96|176|19|174|175|172|95|101|103|22|29|8|166|10|2|40|38|204|117,101,data_4000_4_4.0_chordal_rep01,1,1.0,andrea/runs/data_4000_4_4.0_chordal_rep01_rounds80_epoch1_mcwauto_layers6_lr0.001_wd0.0001_do0.1_hd64_egoTrue_bs64_seed2.csv,andrea/runs/data_4000_4_4.0_chordal_rep01_rounds80_epoch1_mcwauto_layers6_lr0.001_wd0.0001_do0.1_hd64_egoTrue_bs64_seed2.pt,80,1,loss,auto,6,0.001,0.0001,0.1,64,True,64,2,mcwauto_layers6_lr0.001_wd0.0001_do0.1_hd64_egoTrue_bs64,mild_increasing
local,local,,178|96|176|19|174|175|172|95|101|103|22|29|8|166|10|2|40|38|204|117,103,data_4000_4_4.0_chordal_rep03,1,1.0,andrea/runs/data_4000_4_4.0_chordal_rep03_rounds80_epoch1_mcwauto_layers6_lr0.001_wd0.0001_do0.1_hd64_egoTrue_bs64_seed2.csv,andrea/runs/data_4000_4_4.0_chordal_rep03_rounds80_epoch1_mcwauto_layers6_lr0.001_wd0.0001_do0.1_hd64_egoTrue_bs64_seed2.pt,80,1,loss,auto,6,0.001,0.0001,0.1,64,True,64,2,mcwauto_layers6_lr0.001_wd0.0001_do0.1_hd64_egoTrue_bs64,mild_increasing
local,local,,178|96|176|19|174|175|172|95|101|103|22|29|8|166|10|2|40|38|204|117,22,data_3800_4_4.0_chordal_rep02,1,1.0,andrea/runs/data_3800_4_4.0_chordal_rep02_rounds80_epoch1_mcwauto_layers6_lr0.001_wd0.0001_do0.1_hd64_egoTrue_bs64_seed2.csv,andrea/runs/data_3800_4_4.0_chordal_rep02_rounds80_epoch1_mcwauto_layers6_lr0.001_wd0.0001_do0.1_hd64_egoTrue_bs64_seed2.pt,80,1,loss,auto,6,0.001,0.0001,0.1,64,True,64,2,mcwauto_layers6_lr0.001_wd0.0001_do0.1_hd64_egoTrue_bs64,mild_increasing
local,local,,178|96|176|19|174|175|172|95|101|103|22|29|8|166|10|2|40|38|204|117,29,data_3800_4_5.0_chordal_rep01,1,1.0,andrea/runs/data_3800_4_5.0_chordal_rep01_rounds80_epoch1_mcwauto_layers6_lr0.001_wd0.0001_do0.1_hd64_egoTrue_bs64_seed2.csv,andrea/runs/data_3800_4_5.0_chordal_rep01_rounds80_epoch1_mcwauto_layers6_lr0.001_wd0.0001_do0.1_hd64_egoTrue_bs64_seed2.pt,80,1,loss,auto,6,0.001,0.0001,0.1,64,True,64,2,mcwauto_layers6_lr0.001_wd0.0001_do0.1_hd64_egoTrue_bs64,mild_increasing
local,local,,178|96|176|19|174|175|172|95|101|103|22|29|8|166|10|2|40|38|204|117,8,data_3800_4_2.5_chordal_rep00,1,1.0,andrea/runs/data_3800_4_2.5_chordal_rep00_rounds80_epoch1_mcwauto_layers6_lr0.001_wd0.0001_do0.1_hd64_egoTrue_bs64_seed2.csv,andrea/runs/data_3800_4_2.5_chordal_rep00_rounds80_epoch1_mcwauto_layers6_lr0.001_wd0.0001_do0.1_hd64_egoTrue_bs64_seed2.pt,80,1,loss,auto,6,0.001,0.0001,0.1,64,True,64,2,mcwauto_layers6_lr0.001_wd0.0001_do0.1_hd64_egoTrue_bs64,strong_decreasing
local,local,,178|96|176|19|174|175|172|95|101|103|22|29|8|166|10|2|40|38|204|117,10,data_3800_4_2.5_chordal_rep02,1,1.0,andrea/runs/data_3800_4_2.5_chordal_rep02_rounds80_epoch1_mcwauto_layers6_lr0.001_wd0.0001_do0.1_hd64_egoTrue_bs64_seed2.csv,andrea/runs/data_3800_4_2.5_chordal_rep02_rounds80_epoch1_mcwauto_layers6_lr0.001_wd0.0001_do0.1_hd64_egoTrue_bs64_seed2.pt,80,1,loss,auto,6,0.001,0.0001,0.1,64,True,64,2,mcwauto_layers6_lr0.001_wd0.0001_do0.1_hd64_egoTrue_bs64,strong_decreasing
local,local,,178|96|176|19|174|175|172|95|101|103|22|29|8|166|10|2|40|38|204|117,40,data_3800_4_6.5_chordal_rep00,1,1.0,andrea/runs/data_3800_4_6.5_chordal_rep00_rounds80_epoch1_mcwauto_layers6_lr0.001_wd0.0001_do0.1_hd64_egoTrue_bs64_seed2.csv,andrea/runs/data_3800_4_6.5_chordal_rep00_rounds80_epoch1_mcwauto_layers6_lr0.001_wd0.0001_do0.1_hd64_egoTrue_bs64_seed2.pt,80,1,loss,auto,6,0.001,0.0001,0.1,64,True,64,2,mcwauto_layers6_lr0.001_wd0.0001_do0.1_hd64_egoTrue_bs64,strong_increasing
local,local,,178|96|176|19|174|175|172|95|101|103|22|29|8|166|10|2|40|38|204|117,38,data_3800_4_6.0_chordal_rep02,1,1.0,andrea/runs/data_3800_4_6.0_chordal_rep02_rounds80_epoch1_mcwauto_layers6_lr0.001_wd0.0001_do0.1_hd64_egoTrue_bs64_seed2.csv,andrea/runs/data_3800_4_6.0_chordal_rep02_rounds80_epoch1_mcwauto_layers6_lr0.001_wd0.0001_do0.1_hd64_egoTrue_bs64_seed2.pt,80,1,loss,auto,6,0.001,0.0001,0.1,64,True,64,2,mcwauto_layers6_lr0.001_wd0.0001_do0.1_hd64_egoTrue_bs64,strong_increasing
local,local,,178|96|176|19|174|175|172|95|101|103|22|29|8|166|10|2|40|38|204|117,204,data_4200_4_7.0_chordal_rep00,1,1.0,andrea/runs/data_4200_4_7.0_chordal_rep00_rounds80_epoch1_mcwauto_layers6_lr0.001_wd0.0001_do0.1_hd64_egoTrue_bs64_seed2.csv,andrea/runs/data_4200_4_7.0_chordal_rep00_rounds80_epoch1_mcwauto_layers6_lr0.001_wd0.0001_do0.1_hd64_egoTrue_bs64_seed2.pt,80,1,loss,auto,6,0.001,0.0001,0.1,64,True,64,2,mcwauto_layers6_lr0.001_wd0.0001_do0.1_hd64_egoTrue_bs64,strong_increasing
local,local,,178|96|176|19|174|175|172|95|101|103|22|29|8|166|10|2|40|38|204|117,117,data_4000_4_6.0_chordal_rep01,1,1.0,andrea/runs/data_4000_4_6.0_chordal_rep01_rounds80_epoch1_mcwauto_layers6_lr0.001_wd0.0001_do0.1_hd64_egoTrue_bs64_seed2.csv,andrea/runs/data_4000_4_6.0_chordal_rep01_rounds80_epoch1_mcwauto_layers6_lr0.001_wd0.0001_do0.1_hd64_egoTrue_bs64_seed2.pt,80,1,loss,auto,6,0.001,0.0001,0.1,64,True,64,2,mcwauto_layers6_lr0.001_wd0.0001_do0.1_hd64_egoTrue_bs64,strong_increasing
local,local,,178|96|19|176|171|89|90|11|190|109|24|30|166|5|2|162|62|217|145|60,19,data_3800_4_3.5_chordal_rep03,1,1.0,andrea/runs/data_3800_4_3.5_chordal_rep03_rounds80_epoch1_mcwauto_layers6_lr0.001_wd0.0001_do0.1_hd64_egoTrue_bs64_seed2.csv,andrea/runs/data_3800_4_3.5_chordal_rep03_rounds80_epoch1_mcwauto_layers6_lr0.001_wd0.0001_do0.1_hd64_egoTrue_bs64_seed2.pt,80,1,loss,auto,6,0.001,0.0001,0.1,64,True,64,2,mcwauto_layers6_lr0.001_wd0.0001_do0.1_hd64_egoTrue_bs64,flat_balanced
local,local,,178|96|19|176|171|89|90|11|190|109|24|30|166|5|2|162|62|217|145|60,176,data_4200_4_3.5_chordal_rep00,1,1.0,andrea/runs/data_4200_4_3.5_chordal_rep00_rounds80_epoch1_mcwauto_layers6_lr0.001_wd0.0001_do0.1_hd64_egoTrue_bs64_seed2.csv,andrea/runs/data_4200_4_3.5_chordal_rep00_rounds80_epoch1_mcwauto_layers6_lr0.001_wd0.0001_do0.1_hd64_egoTrue_bs64_seed2.pt,80,1,loss,auto,6,0.001,0.0001,0.1,64,True,64,2,mcwauto_layers6_lr0.001_wd0.0001_do0.1_hd64_egoTrue_bs64,flat_balanced
local,local,,178|96|19|176|171|89|90|11|190|109|24|30|166|5|2|162|62|217|145|60,89,data_4000_4_2.5_chordal_rep01,1,1.0,andrea/runs/data_4000_4_2.5_chordal_rep01_rounds80_epoch1_mcwauto_layers6_lr0.001_wd0.0001_do0.1_hd64_egoTrue_bs64_seed2.csv,andrea/runs/data_4000_4_2.5_chordal_rep01_rounds80_epoch1_mcwauto_layers6_lr0.001_wd0.0001_do0.1_hd64_egoTrue_bs64_seed2.pt,80,1,loss,auto,6,0.001,0.0001,0.1,64,True,64,2,mcwauto_layers6_lr0.001_wd0.0001_do0.1_hd64_egoTrue_bs64,mild_decreasing
local,local,,178|96|19|176|171|89|90|11|190|109|24|30|166|5|2|162|62|217|145|60,90,data_4000_4_2.5_chordal_rep02,1,1.0,andrea/runs/data_4000_4_2.5_chordal_rep02_rounds80_epoch1_mcwauto_layers6_lr0.001_wd0.0001_do0.1_hd64_egoTrue_bs64_seed2.csv,andrea/runs/data_4000_4_2.5_chordal_rep02_rounds80_epoch1_mcwauto_layers6_lr0.001_wd0.0001_do0.1_hd64_egoTrue_bs64_seed2.pt,80,1,loss,auto,6,0.001,0.0001,0.1,64,True,64,2,mcwauto_layers6_lr0.001_wd0.0001_do0.1_hd64_egoTrue_bs64,mild_decreasing
local,local,,178|96|19|176|171|89|90|11|190|109|24|30|166|5|2|162|62|217|145|60,190,data_4200_4_5.0_chordal_rep02,1,1.0,andrea/runs/data_4200_4_5.0_chordal_rep02_rounds80_epoch1_mcwauto_layers6_lr0.001_wd0.0001_do0.1_hd64_egoTrue_bs64_seed2.csv,andrea/runs/data_4200_4_5.0_chordal_rep02_rounds80_epoch1_mcwauto_layers6_lr0.001_wd0.0001_do0.1_hd64_egoTrue_bs64_seed2.pt,80,1,loss,auto,6,0.001,0.0001,0.1,64,True,64,2,mcwauto_layers6_lr0.001_wd0.0001_do0.1_hd64_egoTrue_bs64,mild_increasing
local,local,,178|96|19|176|171|89|90|11|190|109|24|30|166|5|2|162|62|217|145|60,109,data_4000_4_5.0_chordal_rep01,1,1.0,andrea/runs/data_4000_4_5.0_chordal_rep01_rounds80_epoch1_mcwauto_layers6_lr0.001_wd0.0001_do0.1_hd64_egoTrue_bs64_seed2.csv,andrea/runs/data_4000_4_5.0_chordal_rep01_rounds80_epoch1_mcwauto_layers6_lr0.001_wd0.0001_do0.1_hd64_egoTrue_bs64_seed2.pt,80,1,loss,auto,6,0.001,0.0001,0.1,64,True,64,2,mcwauto_layers6_lr0.001_wd0.0001_do0.1_hd64_egoTrue_bs64,mild_increasing
local,local,,178|96|19|176|171|89|90|11|190|109|24|30|166|5|2|162|62|217|145|60,24,data_3800_4_4.5_chordal_rep00,1,1.0,andrea/runs/data_3800_4_4.5_chordal_rep00_rounds80_epoch1_mcwauto_layers6_lr0.001_wd0.0001_do0.1_hd64_egoTrue_bs64_seed2.csv,andrea/runs/data_3800_4_4.5_chordal_rep00_rounds80_epoch1_mcwauto_layers6_lr0.001_wd0.0001_do0.1_hd64_egoTrue_bs64_seed2.pt,80,1,loss,auto,6,0.001,0.0001,0.1,64,True,64,2,mcwauto_layers6_lr0.001_wd0.0001_do0.1_hd64_egoTrue_bs64,mild_increasing
local,local,,178|96|19|176|171|89|90|11|190|109|24|30|166|5|2|162|62|217|145|60,30,data_3800_4_5.0_chordal_rep02,1,1.0,andrea/runs/data_3800_4_5.0_chordal_rep02_rounds80_epoch1_mcwauto_layers6_lr0.001_wd0.0001_do0.1_hd64_egoTrue_bs64_seed2.csv,andrea/runs/data_3800_4_5.0_chordal_rep02_rounds80_epoch1_mcwauto_layers6_lr0.001_wd0.0001_do0.1_hd64_egoTrue_bs64_seed2.pt,80,1,loss,auto,6,0.001,0.0001,0.1,64,True,64,2,mcwauto_layers6_lr0.001_wd0.0001_do0.1_hd64_egoTrue_bs64,mild_increasing
local,local,,178|96|19|176|171|89|90|11|190|109|24|30|166|5|2|162|62|217|145|60,166,data_4200_4_2.0_chordal_rep02,1,1.0,andrea/runs/data_4200_4_2.0_chordal_rep02_rounds80_epoch1_mcwauto_layers6_lr0.001_wd0.0001_do0.1_hd64_egoTrue_bs64_seed2.csv,andrea/runs/data_4200_4_2.0_chordal_rep02_rounds80_epoch1_mcwauto_layers6_lr0.001_wd0.0001_do0.1_hd64_egoTrue_bs64_seed2.pt,80,1,loss,auto,6,0.001,0.0001,0.1,64,True,64,2,mcwauto_layers6_lr0.001_wd0.0001_do0.1_hd64_egoTrue_bs64,strong_decreasing
local,local,,178|96|19|176|171|89|90|11|190|109|24|30|166|5|2|162|62|217|145|60,5,data_3800_4_2.0_chordal_rep01,1,1.0,andrea/runs/data_3800_4_2.0_chordal_rep01_rounds80_epoch1_mcwauto_layers6_lr0.001_wd0.0001_do0.1_hd64_egoTrue_bs64_seed2.csv,andrea/runs/data_3800_4_2.0_chordal_rep01_rounds80_epoch1_mcwauto_layers6_lr0.001_wd0.0001_do0.1_hd64_egoTrue_bs64_seed2.pt,80,1,loss,auto,6,0.001,0.0001,0.1,64,True,64,2,mcwauto_layers6_lr0.001_wd0.0001_do0.1_hd64_egoTrue_bs64,strong_decreasing
local,local,,178|96|19|176|171|89|90|11|190|109|24|30|166|5|2|162|62|217|145|60,62,data_3800_4_9_chordal_rep02,1,1.0,andrea/runs/data_3800_4_9_chordal_rep02_rounds80_epoch1_mcwauto_layers6_lr0.001_wd0.0001_do0.1_hd64_egoTrue_bs64_seed2.csv,andrea/runs/data_3800_4_9_chordal_rep02_rounds80_epoch1_mcwauto_layers6_lr0.001_wd0.0001_do0.1_hd64_egoTrue_bs64_seed2.pt,80,1,loss,auto,6,0.001,0.0001,0.1,64,True,64,2,mcwauto_layers6_lr0.001_wd0.0001_do0.1_hd64_egoTrue_bs64,strong_increasing
local,local,,178|96|19|176|171|89|90|11|190|109|24|30|166|5|2|162|62|217|145|60,217,data_4200_4_8.5_chordal_rep01,1,1.0,andrea/runs/data_4200_4_8.5_chordal_rep01_rounds80_epoch1_mcwauto_layers6_lr0.001_wd0.0001_do0.1_hd64_egoTrue_bs64_seed2.csv,andrea/runs/data_4200_4_8.5_chordal_rep01_rounds80_epoch1_mcwauto_layers6_lr0.001_wd0.0001_do0.1_hd64_egoTrue_bs64_seed2.pt,80,1,loss,auto,6,0.001,0.0001,0.1,64,True,64,2,mcwauto_layers6_lr0.001_wd0.0001_do0.1_hd64_egoTrue_bs64,strong_increasing
local,local,,178|96|19|176|171|89|90|11|190|109|24|30|166|5|2|162|62|217|145|60,145,data_4000_4_9.5_chordal_rep01,1,1.0,andrea/runs/data_4000_4_9.5_chordal_rep01_rounds80_epoch1_mcwauto_layers6_lr0.001_wd0.0001_do0.1_hd64_egoTrue_bs64_seed2.csv,andrea/runs/data_4000_4_9.5_chordal_rep01_rounds80_epoch1_mcwauto_layers6_lr0.001_wd0.0001_do0.1_hd64_egoTrue_bs64_seed2.pt,80,1,loss,auto,6,0.001,0.0001,0.1,64,True,64,2,mcwauto_layers6_lr0.001_wd0.0001_do0.1_hd64_egoTrue_bs64,strong_increasing
local,local,,178|96|19|176|171|89|90|11|190|109|24|30|166|5|2|162|62|217|145|60,60,data_3800_4_9_chordal_rep00,1,1.0,andrea/runs/data_3800_4_9_chordal_rep00_rounds80_epoch1_mcwauto_layers6_lr0.001_wd0.0001_do0.1_hd64_egoTrue_bs64_seed2.csv,andrea/runs/data_3800_4_9_chordal_rep00_rounds80_epoch1_mcwauto_layers6_lr0.001_wd0.0001_do0.1_hd64_egoTrue_bs64_seed2.pt,80,1,loss,auto,6,0.001,0.0001,0.1,64,True,64,2,mcwauto_layers6_lr0.001_wd0.0001_do0.1_hd64_egoTrue_bs64,strong_increasing
local,local,,178|96|17|18|171|169|91|11|192|33|111|196|2|162|82|3|153|68|219|159,178,data_4200_4_3.5_chordal_rep02,1,1.0,andrea/runs/data_4200_4_3.5_chordal_rep02_rounds80_epoch1_mcwauto_layers6_lr0.001_wd0.0001_do0.1_hd64_egoTrue_bs64_seed2.csv,andrea/runs/data_4200_4_3.5_chordal_rep02_rounds80_epoch1_mcwauto_layers6_lr0.001_wd0.0001_do0.1_hd64_egoTrue_bs64_seed2.pt,80,1,loss,auto,6,0.001,0.0001,0.1,64,True,64,2,mcwauto_layers6_lr0.001_wd0.0001_do0.1_hd64_egoTrue_bs64,flat_balanced
local,local,,178|96|17|18|171|169|91|11|192|33|111|196|2|162|82|3|153|68|219|159,96,data_4000_4_3.5_chordal_rep00,1,1.0,andrea/runs/data_4000_4_3.5_chordal_rep00_rounds80_epoch1_mcwauto_layers6_lr0.001_wd0.0001_do0.1_hd64_egoTrue_bs64_seed2.csv,andrea/runs/data_4000_4_3.5_chordal_rep00_rounds80_epoch1_mcwauto_layers6_lr0.001_wd0.0001_do0.1_hd64_egoTrue_bs64_seed2.pt,80,1,loss,auto,6,0.001,0.0001,0.1,64,True,64,2,mcwauto_layers6_lr0.001_wd0.0001_do0.1_hd64_egoTrue_bs64,flat_balanced
local,local,,178|96|17|18|171|169|91|11|192|33|111|196|2|162|82|3|153|68|219|159,17,data_3800_4_3.5_chordal_rep01,1,1.0,andrea/runs/data_3800_4_3.5_chordal_rep01_rounds80_epoch1_mcwauto_layers6_lr0.001_wd0.0001_do0.1_hd64_egoTrue_bs64_seed2.csv,andrea/runs/data_3800_4_3.5_chordal_rep01_rounds80_epoch1_mcwauto_layers6_lr0.001_wd0.0001_do0.1_hd64_egoTrue_bs64_seed2.pt,80,1,loss,auto,6,0.001,0.0001,0.1,64,True,64,2,mcwauto_layers6_lr0.001_wd0.0001_do0.1_hd64_egoTrue_bs64,flat_balanced
local,local,,178|96|17|18|171|169|91|11|192|33|111|196|2|162|82|3|153|68|219|159,18,data_3800_4_3.5_chordal_rep02,1,1.0,andrea/runs/data_3800_4_3.5_chordal_rep02_rounds80_epoch1_mcwauto_layers6_lr0.001_wd0.0001_do0.1_hd64_egoTrue_bs64_seed2.csv,andrea/runs/data_3800_4_3.5_chordal_rep02_rounds80_epoch1_mcwauto_layers6_lr0.001_wd0.0001_do0.1_hd64_egoTrue_bs64_seed2.pt,80,1,loss,auto,6,0.001,0.0001,0.1,64,True,64,2,mcwauto_layers6_lr0.001_wd0.0001_do0.1_hd64_egoTrue_bs64,flat_balanced
local,local,,178|96|17|18|171|169|91|11|192|33|111|196|2|162|82|3|153|68|219|159,171,data_4200_4_2.5_chordal_rep03,1,1.0,andrea/runs/data_4200_4_2.5_chordal_rep03_rounds80_epoch1_mcwauto_layers6_lr0.001_wd0.0001_do0.1_hd64_egoTrue_bs64_seed2.csv,andrea/runs/data_4200_4_2.5_chordal_rep03_rounds80_epoch1_mcwauto_layers6_lr0.001_wd0.0001_do0.1_hd64_egoTrue_bs64_seed2.pt,80,1,loss,auto,6,0.001,0.0001,0.1,64,True,64,2,mcwauto_layers6_lr0.001_wd0.0001_do0.1_hd64_egoTrue_bs64,mild_decreasing
local,local,,178|96|17|18|171|169|91|11|192|33|111|196|2|162|82|3|153|68|219|159,169,data_4200_4_2.5_chordal_rep01,1,1.0,andrea/runs/data_4200_4_2.5_chordal_rep01_rounds80_epoch1_mcwauto_layers6_lr0.001_wd0.0001_do0.1_hd64_egoTrue_bs64_seed2.csv,andrea/runs/data_4200_4_2.5_chordal_rep01_rounds80_epoch1_mcwauto_layers6_lr0.001_wd0.0001_do0.1_hd64_egoTrue_bs64_seed2.pt,80,1,loss,auto,6,0.001,0.0001,0.1,64,True,64,2,mcwauto_layers6_lr0.001_wd0.0001_do0.1_hd64_egoTrue_bs64,mild_decreasing
local,local,,178|96|17|18|171|169|91|11|192|33|111|196|2|162|82|3|153|68|219|159,91,data_4000_4_2.5_chordal_rep03,1,1.0,andrea/runs/data_4000_4_2.5_chordal_rep03_rounds80_epoch1_mcwauto_layers6_lr0.001_wd0.0001_do0.1_hd64_egoTrue_bs64_seed2.csv,andrea/runs/data_4000_4_2.5_chordal_rep03_rounds80_epoch1_mcwauto_layers6_lr0.001_wd0.0001_do0.1_hd64_egoTrue_bs64_seed2.pt,80,1,loss,auto,6,0.001,0.0001,0.1,64,True,64,2,mcwauto_layers6_lr0.001_wd0.0001_do0.1_hd64_egoTrue_bs64,mild_decreasing
local,local,,178|96|17|18|171|169|91|11|192|33|111|196|2|162|82|3|153|68|219|159,11,data_3800_4_2.5_chordal_rep03,1,1.0,andrea/runs/data_3800_4_2.5_chordal_rep03_rounds80_epoch1_mcwauto_layers6_lr0.001_wd0.0001_do0.1_hd64_egoTrue_bs64_seed2.csv,andrea/runs/data_3800_4_2.5_chordal_rep03_rounds80_epoch1_mcwauto_layers6_lr0.001_wd0.0001_do0.1_hd64_egoTrue_bs64_seed2.pt,80,1,loss,auto,6,0.001,0.0001,0.1,64,True,64,2,mcwauto_layers6_lr0.001_wd0.0001_do0.1_hd64_egoTrue_bs64,mild_decreasing
local,local,,178|96|17|18|171|169|91|11|192|33|111|196|2|162|82|3|153|68|219|159,192,data_4200_4_5.5_chordal_rep00,1,1.0,andrea/runs/data_4200_4_5.5_chordal_rep00_rounds80_epoch1_mcwauto_layers6_lr0.001_wd0.0001_do0.1_hd64_egoTrue_bs64_seed2.csv,andrea/runs/data_4200_4_5.5_chordal_rep00_rounds80_epoch1_mcwauto_layers6_lr0.001_wd0.0001_do0.1_hd64_egoTrue_bs64_seed2.pt,80,1,loss,auto,6,0.001,0.0001,0.1,64,True,64,2,mcwauto_layers6_lr0.001_wd0.0001_do0.1_hd64_egoTrue_bs64,mild_increasing
local,local,,178|96|17|18|171|169|91|11|192|33|111|196|2|162|82|3|153|68|219|159,33,data_3800_4_5.5_chordal_rep01,1,1.0,andrea/runs/data_3800_4_5.5_chordal_rep01_rounds80_epoch1_mcwauto_layers6_lr0.001_wd0.0001_do0.1_hd64_egoTrue_bs64_seed2.csv,andrea/runs/data_3800_4_5.5_chordal_rep01_rounds80_epoch1_mcwauto_layers6_lr0.001_wd0.0001_do0.1_hd64_egoTrue_bs64_seed2.pt,80,1,loss,auto,6,0.001,0.0001,0.1,64,True,64,2,mcwauto_layers6_lr0.001_wd0.0001_do0.1_hd64_egoTrue_bs64,mild_increasing
local,local,,178|96|17|18|171|169|91|11|192|33|111|196|2|162|82|3|153|68|219|159,111,data_4000_4_5.0_chordal_rep03,1,1.0,andrea/runs/data_4000_4_5.0_chordal_rep03_rounds80_epoch1_mcwauto_layers6_lr0.001_wd0.0001_do0.1_hd64_egoTrue_bs64_seed2.csv,andrea/runs/data_4000_4_5.0_chordal_rep03_rounds80_epoch1_mcwauto_layers6_lr0.001_wd0.0001_do0.1_hd64_egoTrue_bs64_seed2.pt,80,1,loss,auto,6,0.001,0.0001,0.1,64,True,64,2,mcwauto_layers6_lr0.001_wd0.0001_do0.1_hd64_egoTrue_bs64,mild_increasing
local,local,,178|96|17|18|171|169|91|11|192|33|111|196|2|162|82|3|153|68|219|159,196,data_4200_4_6.0_chordal_rep00,1,1.0,andrea/runs/data_4200_4_6.0_chordal_rep00_rounds80_epoch1_mcwauto_layers6_lr0.001_wd0.0001_do0.1_hd64_egoTrue_bs64_seed2.csv,andrea/runs/data_4200_4_6.0_chordal_rep00_rounds80_epoch1_mcwauto_layers6_lr0.001_wd0.0001_do0.1_hd64_egoTrue_bs64_seed2.pt,80,1,loss,auto,6,0.001,0.0001,0.1,64,True,64,2,mcwauto_layers6_lr0.001_wd0.0001_do0.1_hd64_egoTrue_bs64,mild_increasing
local,local,,178|96|17|18|171|169|91|11|192|33|111|196|2|162|82|3|153|68|219|159,2,data_3800_4_1.5_chordal_rep02,1,1.0,andrea/runs/data_3800_4_1.5_chordal_rep02_rounds80_epoch1_mcwauto_layers6_lr0.001_wd0.0001_do0.1_hd64_egoTrue_bs64_seed2.csv,andrea/runs/data_3800_4_1.5_chordal_rep02_rounds80_epoch1_mcwauto_layers6_lr0.001_wd0.0001_do0.1_hd64_egoTrue_bs64_seed2.pt,80,1,loss,auto,6,0.001,0.0001,0.1,64,True,64,2,mcwauto_layers6_lr0.001_wd0.0001_do0.1_hd64_egoTrue_bs64,strong_decreasing
local,local,,178|96|17|18|171|169|91|11|192|33|111|196|2|162|82|3|153|68|219|159,162,data_4200_4_1.5_chordal_rep02,1,1.0,andrea/runs/data_4200_4_1.5_chordal_rep02_rounds80_epoch1_mcwauto_layers6_lr0.001_wd0.0001_do0.1_hd64_egoTrue_bs64_seed2.csv,andrea/runs/data_4200_4_1.5_chordal_rep02_rounds80_epoch1_mcwauto_layers6_lr0.001_wd0.0001_do0.1_hd64_egoTrue_bs64_seed2.pt,80,1,loss,auto,6,0.001,0.0001,0.1,64,True,64,2,mcwauto_layers6_lr0.001_wd0.0001_do0.1_hd64_egoTrue_bs64,strong_decreasing
local,local,,178|96|17|18|171|169|91|11|192|33|111|196|2|162|82|3|153|68|219|159,82,data_4000_4_1.5_chordal_rep02,1,1.0,andrea/runs/data_4000_4_1.5_chordal_rep02_rounds80_epoch1_mcwauto_layers6_lr0.001_wd0.0001_do0.1_hd64_egoTrue_bs64_seed2.csv,andrea/runs/data_4000_4_1.5_chordal_rep02_rounds80_epoch1_mcwauto_layers6_lr0.001_wd0.0001_do0.1_hd64_egoTrue_bs64_seed2.pt,80,1,loss,auto,6,0.001,0.0001,0.1,64,True,64,2,mcwauto_layers6_lr0.001_wd0.0001_do0.1_hd64_egoTrue_bs64,strong_decreasing
local,local,,178|96|17|18|171|169|91|11|192|33|111|196|2|162|82|3|153|68|219|159,3,data_3800_4_1.5_chordal_rep03,1,1.0,andrea/runs/data_3800_4_1.5_chordal_rep03_rounds80_epoch1_mcwauto_layers6_lr0.001_wd0.0001_do0.1_hd64_egoTrue_bs64_seed2.csv,andrea/runs/data_3800_4_1.5_chordal_rep03_rounds80_epoch1_mcwauto_layers6_lr0.001_wd0.0001_do0.1_hd64_egoTrue_bs64_seed2.pt,80,1,loss,auto,6,0.001,0.0001,0.1,64,True,64,2,mcwauto_layers6_lr0.001_wd0.0001_do0.1_hd64_egoTrue_bs64,strong_decreasing
local,local,,178|96|17|18|171|169|91|11|192|33|111|196|2|162|82|3|153|68|219|159,153,data_4000_4_10.5_chordal_rep01,1,1.0,andrea/runs/data_4000_4_10.5_chordal_rep01_rounds80_epoch1_mcwauto_layers6_lr0.001_wd0.0001_do0.1_hd64_egoTrue_bs64_seed2.csv,andrea/runs/data_4000_4_10.5_chordal_rep01_rounds80_epoch1_mcwauto_layers6_lr0.001_wd0.0001_do0.1_hd64_egoTrue_bs64_seed2.pt,80,1,loss,auto,6,0.001,0.0001,0.1,64,True,64,2,mcwauto_layers6_lr0.001_wd0.0001_do0.1_hd64_egoTrue_bs64,strong_increasing
local,local,,178|96|17|18|171|169|91|11|192|33|111|196|2|162|82|3|153|68|219|159,68,data_3800_4_10_chordal_rep00,1,1.0,andrea/runs/data_3800_4_10_chordal_rep00_rounds80_epoch1_mcwauto_layers6_lr0.001_wd0.0001_do0.1_hd64_egoTrue_bs64_seed2.csv,andrea/runs/data_3800_4_10_chordal_rep00_rounds80_epoch1_mcwauto_layers6_lr0.001_wd0.0001_do0.1_hd64_egoTrue_bs64_seed2.pt,80,1,loss,auto,6,0.001,0.0001,0.1,64,True,64,2,mcwauto_layers6_lr0.001_wd0.0001_do0.1_hd64_egoTrue_bs64,strong_increasing
local,local,,178|96|17|18|171|169|91|11|192|33|111|196|2|162|82|3|153|68|219|159,219,data_4200_4_8.5_chordal_rep03,1,1.0,andrea/runs/data_4200_4_8.5_chordal_rep03_rounds80_epoch1_mcwauto_layers6_lr0.001_wd0.0001_do0.1_hd64_egoTrue_bs64_seed2.csv,andrea/runs/data_4200_4_8.5_chordal_rep03_rounds80_epoch1_mcwauto_layers6_lr0.001_wd0.0001_do0.1_hd64_egoTrue_bs64_seed2.pt,80,1,loss,auto,6,0.001,0.0001,0.1,64,True,64,2,mcwauto_layers6_lr0.001_wd0.0001_do0.1_hd64_egoTrue_bs64,strong_increasing
local,local,,178|96|17|18|171|169|91|11|192|33|111|196|2|162|82|3|153|68|219|159,159,data_4000_4_11_chordal_rep03,1,1.0,andrea/runs/data_4000_4_11_chordal_rep03_rounds80_epoch1_mcwauto_layers6_lr0.001_wd0.0001_do0.1_hd64_egoTrue_bs64_seed2.csv,andrea/runs/data_4000_4_11_chordal_rep03_rounds80_epoch1_mcwauto_layers6_lr0.001_wd0.0001_do0.1_hd64_egoTrue_bs64_seed2.pt,80,1,loss,auto,6,0.001,0.0001,0.1,64,True,64,2,mcwauto_layers6_lr0.001_wd0.0001_do0.1_hd64_egoTrue_bs64,strong_increasing
