subset_id,subset_size,subset_clients,node_count_std,node_count_range,density_std,density_range,in_degree_jsd_mean,out_degree_jsd_mean,motif_profile_jsd_mean,label_prev_jsd_mean,labelset_size_jsd_mean,label_mixing_jsd_mean,generator_entropy,generator_entropy_norm,param_cv2_mean,param_avg_pairwise_zdist,param_cv2_n,param_cv2_d,param_cv2_r
s4_000,4,0|6|12|15,353.5533905932738,1000.0,0.0007652643303198889,0.0020035032531280656,0.03307304019477787,0.03746732412800609,0.04360171196902859,0.03509222828566533,0.09936404502111335,0.05363022898003406,1.039720770840351,0.9463946303575803,0.03186267648348703,2.6574019237150845,0.05555555555555555,0.024943310657595467,0.015089163237310061
s4_001,4,6|7|8|15,216.50635094610965,500.0,0.0004338070519766351,0.001001834472940273,0.02042312610685184,0.021357528220268037,0.04180165126415781,0.0364548293800275,0.08564155236275378,0.0488437825216315,0.5623351446194949,0.8112781244601233,0.01608289730173331,2.676319335819503,0.013333333333333334,0.030470914127422474,0.004444444444444129
s4_002,4,5|7|9|15,353.5533905932738,1000.0,0.0004327504310104148,0.001001834472940273,0.020877926317121424,0.021408247765505338,0.026943748969722705,0.028188303301915848,0.08439651062617541,0.03859965433656823,0.5623351446194949,0.8112781244601233,0.030234315948601084,2.7413537135880683,0.05555555555555555,0.024943310657595467,0.010204081632652228
s4_003,4,2|4|6|8,216.50635094610965,500.0,0.0002892290740800933,0.0006682787691377377,0.01360071152735143,0.012805834601348026,0.058646410997749136,0.03871661410103141,0.05720221518835853,0.059960024603616595,0.6931471805599453,1.0,0.016592352102624972,2.266583477841093,0.013333333333333334,0.01038062283736967,0.026063100137171922
s4_004,4,1|4|9|12,353.5533905932738,1000.0,0.00043281381199354645,0.0010008339726901478,0.025256560286621092,0.02690708866208334,0.05840993735781291,0.03774670132931025,0.028440046038369485,0.06334417278933088,1.039720770840351,0.9463946303575803,0.02603510540018428,2.8284271247416353,0.05555555555555555,0.012345679012345071,0.010204081632652228
s4_005,4,8|11|14|15,414.578098794425,1000.0,0.0008285718064481966,0.0020035032531280656,0.02607479214264436,0.02590156242154249,0.05429447249997123,0.02968649611569773,0.08777508833272718,0.04681969703549467,1.039720770840351,0.9463946303575803,0.044484133855561526,2.7200326714066136,0.09090909090909091,0.024943310657595467,0.017599999999998197
s4_006,4,1|4|11|15,353.5533905932738,1000.0,0.0007048094348501003,0.0019934937438689316,0.016135033180016956,0.017565900938138323,0.06809809747680923,0.021952903489792064,0.04306433307693404,0.04191336905361546,1.039720770840351,0.9463946303575803,0.03552065545010765,2.694789391409195,0.05555555555555555,0.024943310657595467,0.026063100137171922
s4_007,4,2|10|13|14,414.578098794425,1000.0,0.0005832875792455219,0.0015045037533781905,0.02291504672488274,0.023087736746681506,0.07640145295602728,0.03204491786558456,0.045761884320881366,0.05134658960569531,1.039720770840351,0.9463946303575803,0.04390101391991641,2.657401923714915,0.09090909090909091,0.019999999999999202,0.02079395085065911
s4_008,4,1|7|8|10,216.50635094610965,500.0,0.00041519488150955,0.001001834472940273,0.027751345570499967,0.02737879068009825,0.0542025834181864,0.019813301944776807,0.03758534112479802,0.03313294674483775,0.5623351446194949,0.8112781244601233,0.01259259259259222,2.7949684965469754,0.013333333333333334,0.019999999999999202,0.004444444444444129
s4_009,4,5|6|9|11,414.578098794425,1000.0,0.0007051603912468761,0.0019944942441190564,0.011896516766594523,0.01216808736825861,0.006927789411638876,0.0012593490570522647,0.03900873619765305,0.0030664999216303743,-0.0,0.0,0.053498296575218186,2.720909731324635,0.09090909090909091,0.039999999999998405,0.029585798816565246
s4_010,4,6|7|8|13,433.0127018922193,1000.0,0.00043236242425441414,0.0009984982481230607,0.0026795379483951012,0.0019052696062125919,0.0015067931685861637,0.000828913426894473,0.0010085214733286598,0.002043122798160187,-0.0,0.0,0.03407245251041491,2.642133179325484,0.061224489795918366,0.01038062283736967,0.030612244897956685
s4_011,4,0|8|12|15,353.5533905932738,1000.0,0.0007652643303198889,0.0020035032531280656,0.033797306841338866,0.03592781944407969,0.0444514166081474,0.03573049339565985,0.09856530467766539,0.05392813696864854,1.039720770840351,0.9463946303575803,0.02880534199215469,2.731864780707248,0.05555555555555555,0.024943310657595467,0.005917159763313049
s4_012,4,0|1|6|11,414.578098794425,1000.0,0.0008285718064481965,0.0020035032531280656,0.029408374373174187,0.03376139655669004,0.07745466377861032,0.017996583050894806,0.042259226070794305,0.030693280289769313,0.6931471805599453,1.0,0.05096314620124006,2.584343754012087,0.09090909090909091,0.024943310657595467,0.03703703703703379
s4_013,4,0|5|7|9,414.578098794425,1000.0,0.0007083476774194852,0.0020035032531280656,0.028184974822519096,0.029799600976574636,0.047764500062477455,0.011959764344242963,0.036283048262407074,0.01755939149984482,0.5623351446194949,0.8112781244601233,0.043647188267998814,2.730594718931696,0.09090909090909091,0.024943310657595467,0.015089163237310061
s4_014,4,5|7|11|14,414.578098794425,1000.0,0.0008288732234401744,0.0020035032531280656,0.022260167477446295,0.022922079932197234,0.057525521769330006,0.01175097966737692,0.037971750033532,0.020149353073692186,0.5623351446194949,0.8112781244601233,0.04319118457300162,2.7039535174428817,0.09090909090909091,0.008264462809917083,0.030399999999996888
s4_015,4,2|3|9|14,216.50635094610965,500.0,0.0005013098063710288,0.001335224483990328,0.02622263052154375,0.027672940066669323,0.060176103133217335,0.03673318969276405,0.051397051197686776,0.057667853963035046,1.039720770840351,0.9463946303575803,0.021090534979423148,2.683591625287909,0.037037037037037035,0.012345679012345071,0.013888888888887346
s4_016,4,2|7|12|14,353.5533905932738,1000.0,0.0007606541269723413,0.0020035032531280656,0.027352976864344743,0.02821681804297718,0.06140582641065433,0.041294629459404666,0.06791581120107354,0.0637228992641502,1.039720770840351,0.9463946303575803,0.028651851851850815,2.133568779345434,0.05555555555555555,0.0,0.030399999999996888
s4_017,4,1|5|14|15,216.50635094610965,500.0,0.0004343161144051373,0.0010056714486334235,0.011176364565229439,0.0110194102705525,0.07819484885726066,0.023855849614124416,0.04637489322001906,0.042499546916699056,1.039720770840351,0.9463946303575803,0.016049004825659737,2.7256449274368566,0.024793388429752067,0.008264462809917083,0.015089163237310061
s4_018,4,1|4|8|15,250.0,500.0,0.0005006672363659611,0.001001834472940273,0.026934049795634716,0.026308997586399967,0.04375643405377046,0.029562276465958662,0.07395071951754374,0.0516856280470276,1.039720770840351,0.9463946303575803,0.01814875310633552,2.5735221151141534,0.02040816326530612,0.030470914127422474,0.003567181926277969
s4_019,4,1|8|9|11,414.578098794425,1000.0,0.0007051626996770489,0.0019944942441190564,0.027664354441385666,0.027819883375689296,0.05129403737071199,0.018679112738401754,0.0399485934202004,0.032623675075213215,0.5623351446194949,0.8112781244601233,0.04914770172456177,2.7381262938308564,0.09090909090909091,0.030470914127422474,0.026063100137171922
s4_020,4,3|8|10|13,500.0,1000.0,0.000413974335180714,0.0009984982481230607,0.00957551381590667,0.009970361881585291,0.00985565469147883,0.0009827424985937516,0.018064435007069665,0.003594277499967282,-0.0,0.0,0.05524938271604817,2.693554409856999,0.1111111111111111,0.03703703703703521,0.017599999999998197
s4_021,4,1|7|9|15,353.5533905932738,1000.0,0.0004333276498966971,0.001001834472940273,0.031573538236301976,0.033013618800662566,0.04892115339954421,0.03699982211494358,0.08586045906342626,0.05830194289508219,1.039720770840351,0.9463946303575803,0.026666666666666294,2.737415433593558,0.05555555555555555,0.019999999999999202,0.004444444444444129
s4_022,4,3|5|9|12,250.0,500.0,0.000288097334868824,0.0006655541465414715,0.00974325327828808,0.010033548957043593,0.008951917056183341,0.0008958148596074836,0.020497359780981803,0.0030776636705475043,-0.0,0.0,0.02509030470914066,2.6935544098550657,0.04,0.030470914127422474,0.004799999999999509
s4_023,4,1|4|9|10,414.578098794425,1000.0,0.0004143539053221045,0.0010008339726901478,0.023591651668990694,0.02358953945299515,0.08501229714987754,0.030250623316102523,0.01615617437616,0.05192133708064674,1.039720770840351,0.9463946303575803,0.03304228448338339,2.808046620947452,0.0650887573964497,0.030470914127422474,0.003567181926277969
s4_024,4,1|10|14|15,353.5533905932738,1000.0,0.00054634571557655,0.0015045037533781905,0.013404764882976036,0.01207974266850988,0.07652013883681556,0.02479113258457722,0.04806540188859739,0.04454809314139551,1.039720770840351,0.9463946303575803,0.024674699999374952,2.737415433594153,0.05555555555555555,0.008264462809917083,0.010204081632652228
s4_025,4,0|2|4|14,414.578098794425,1000.0,0.000867141268911516,0.0020025027528779403,0.013969102881120523,0.014872015921541144,0.022120783664189236,0.016318720651568037,0.020398240285914263,0.03141989562927387,0.6931471805599453,1.0,0.04159932659932582,2.683902199531751,0.09090909090909091,0.019999999999999202,0.013888888888887346
s4_026,4,2|8|11|14,414.578098794425,1000.0,0.0008653172163782455,0.0020035032531280656,0.023656447118169617,0.02270767988890062,0.07351166281218205,0.03354768991643542,0.060582458826161506,0.05393330891779084,1.039720770840351,0.9463946303575803,0.04390101391991641,2.657401923714915,0.09090909090909091,0.019999999999999202,0.02079395085065911
s4_027,4,8|11|12|13,414.578098794425,1000.0,0.0007616420188600629,0.0019944942441190564,0.009672813120210387,0.008487272085800556,0.009837659622333128,0.0022586783835683564,0.03647652628948486,0.0056313952399024165,-0.0,0.0,0.047391318629057495,2.7113269292723525,0.09090909090909091,0.030470914127422474,0.02079395085065911
s4_028,4,3|8|12|15,353.5533905932738,1000.0,0.00043315056697449636,0.001001834472940273,0.0202692016881122,0.022002432936889152,0.04124771871146397,0.036137142198070245,0.08338030463992127,0.050591250281686796,0.5623351446194949,0.8112781244601233,0.030647876482097023,2.7703999978786147,0.05555555555555555,0.030470914127422474,0.005917159763313049
s4_029,4,6|9|10|14,500.0,1000.0,0.0007409069670508041,0.0020035032531280656,0.02704982209326625,0.028342078707002897,0.053880509050567515,0.012441221778563775,0.03208881560391967,0.021133372621985246,0.5623351446194949,0.8112781244601233,0.05059536895706194,2.7726624422324697,0.1111111111111111,0.030470914127422474,0.010204081632652228
s4_030,4,4|7|9|13,500.0,1000.0,0.0004989991243750803,0.0009984982481230607,0.006595983557482251,0.00636938885280145,0.046676249223648644,0.03547508279131269,0.017910335651342618,0.0531698474122518,0.5623351446194949,0.8112781244601233,0.049184944695217565,2.7228671813874237,0.1111111111111111,0.01038062283736967,0.026063100137171922
s4_031,4,10|11|14|15,414.578098794425,1000.0,0.000649118345016494,0.0015045037533781905,0.013787184008148198,0.01426320529494619,0.06668569303916472,0.024271591979062784,0.04850821227312818,0.0403343319095059,1.039720770840351,0.9463946303575803,0.03806005613793828,2.723479297933267,0.09090909090909091,0.005671077504725726,0.017599999999998197
s4_032,4,1|5|9|11,250.0,500.0,0.00043089623604563183,0.0009966624396244143,0.021882475678537922,0.023246100305126617,0.06025126910069129,0.014315734803456638,0.019094338124931016,0.02654837277410535,0.5623351446194949,0.8112781244601233,0.03150970315805357,2.778024242705307,0.04,0.024943310657595467,0.029585798816565246
s4_033,4,3|7|9|10,500.0,1000.0,0.000413974335180714,0.0009984982481230607,0.008804547908812629,0.010087384276360878,0.007098160069582507,0.0005787595714654455,0.016234517303170742,0.0021983340034699675,-0.0,0.0,0.05059536895706194,2.707059257677901,0.1111111111111111,0.030470914127422474,0.010204081632652228
s4_034,4,3|10|13|14,433.0127018922193,1000.0,0.000546728889816061,0.0015045037533781905,0.027315885232868594,0.029006616295632157,0.05575978950641013,0.011864954473923897,0.026129414903583992,0.019655476913031784,0.5623351446194949,0.8112781244601233,0.05478660100543661,2.574346924454094,0.12,0.030470914127422474,0.013888888888887346
s4_035,4,0|1|4|11,414.578098794425,1000.0,0.0008281945028110086,0.0020025027528779403,0.018828150857563605,0.021440941142226472,0.09820149081991732,0.02235291242240247,0.006769197360363079,0.040714985109254816,1.039720770840351,0.9463946303575803,0.048479400127750545,2.641631222126952,0.09090909090909091,0.024943310657595467,0.029585798816565246
s4_036,4,2|5|7|12,216.50635094610965,500.0,0.0003721766044150103,0.0009978318044946421,0.014756714270673583,0.01455745086538591,0.045222336500649926,0.03381615781680339,0.06295852358140554,0.04960954686259723,0.5623351446194949,0.8112781244601233,0.01831806679279095,2.6669483441571864,0.01775147928994083,0.0068027210884351276,0.030399999999996888
s4_037,4,0|6|10|13,500.0,1000.0,0.0007409069670508041,0.0020035032531280656,0.02863870223022548,0.031416074067055884,0.04985250150417376,0.01234381051841309,0.03761624289518478,0.018567192678888456,0.5623351446194949,0.8112781244601233,0.06023230330922492,2.768765168075936,0.1111111111111111,0.039999999999998405,0.029585798816565246
s4_038,4,2|3|11|12,250.0,500.0,0.0006212920484679053,0.0016615501425374672,0.014826860270145426,0.015464199834000283,0.04383777125604373,0.03383453275544582,0.06123620335922283,0.05116738365595502,0.5623351446194949,0.8112781244601233,0.022754820936638488,2.781272736835124,0.04,0.019999999999999202,0.008264462809916263
s4_039,4,0|7|9|13,433.0127018922193,1000.0,0.0007083472360217572,0.0020035032531280656,0.028869697398689373,0.031143836113455135,0.02828885140580008,0.0148410670014333,0.031007428878484736,0.01997756191193546,0.5623351446194949,0.8112781244601233,0.06001890431466258,2.7648380145775295,0.12,0.030470914127422474,0.029585798816565246
s4_040,4,0|1|2|10,353.5533905932738,1000.0,0.0005832267033831207,0.0015045037533781905,0.014673234014362843,0.014527788536315764,0.09184935835206223,0.027033357908068167,0.022108134951054733,0.0484511468748925,1.039720770840351,0.9463946303575803,0.031135272394012623,2.8219038745366323,0.05555555555555555,0.008264462809917083,0.029585798816565246
s4_041,4,6|9|13|14,433.0127018922193,1000.0,0.000708347236021757,0.0020035032531280656,0.027694374167551092,0.029102812532903963,0.03098446852315509,0.014900468314587287,0.029663682974777356,0.02343655543999027,0.5623351446194949,0.8112781244601233,0.053322140551311646,2.7470944646685544,0.12,0.01038062283736967,0.029585798816565246
s4_042,4,1|3|5|6,353.5533905932738,1000.0,0.0004327504310104148,0.001001834472940273,0.027250384260035676,0.029302194405951543,0.053959194397883,0.01764247398270416,0.034902406818203655,0.030180039039212982,0.5623351446194949,0.8112781244601233,0.03547821098276083,2.770399997880446,0.05555555555555555,0.030470914127422474,0.020408163265304455
s4_043,4,0|3|9|14,0.0,0.0,0.0005025025025025024,0.0010050050050050049,0.03587077331602528,0.03923554814814698,0.04183074631877903,0.015927784375458862,0.029079404743994106,0.023883189039317156,0.6931471805599453,1.0,0.011756971375807328,2.179721136471539,0.0,0.030470914127422474,0.004799999999999509
s4_044,4,1|2|6|11,353.5533905932738,1000.0,0.000719537891167469,0.0019944942441190564,0.022281832177320892,0.024465982136482656,0.07381174100546856,0.034770262456684214,0.05918024590860642,0.0579696112744983,1.039720770840351,0.9463946303575803,0.042936664475124064,2.6881650340794927,0.05555555555555555,0.019999999999999202,0.05325443786981744
s4_045,4,3|11|12|15,250.0,500.0,0.0005931124525961531,0.0016615501425374672,0.02053254669695053,0.022686269829138447,0.027290426315999202,0.029471897186877902,0.09029149273491467,0.04267786540566825,0.5623351446194949,0.8112781244601233,0.026277399848827602,2.7703999978797245,0.04,0.024943310657595467,0.013888888888887346
s4_046,4,0|1|10|14,414.578098794425,1000.0,0.0006512769566651021,0.0015045037533781905,0.014638505722438914,0.014339910925569691,0.10450525053178913,0.013169375633244293,0.0029143061319699317,0.025328855641186056,0.5623351446194949,0.8112781244601233,0.03808757231877268,2.7895150566147127,0.09090909090909091,0.008264462809917083,0.015089163237310061
s4_047,4,1|4|9|13,414.578098794425,1000.0,0.0004324128825343004,0.0010008339726901478,0.025962148806722873,0.027395475026345324,0.0579283262132883,0.03739638461371084,0.025637142592662265,0.060718083483770786,1.039720770840351,0.9463946303575803,0.042450937961210834,2.765533722713732,0.09090909090909091,0.01038062283736967,0.026063100137171922
s4_048,4,1|2|3|10,353.5533905932738,1000.0,0.000216695772220357,0.0005028349731903978,0.022780179538323966,0.023759604931038583,0.07794559322351705,0.03282200636002762,0.039796819488438384,0.054279690335242436,1.039720770840351,0.9463946303575803,0.035047118124039996,2.7550675809010374,0.05555555555555555,0.019999999999999202,0.029585798816565246
s4_049,4,2|5|6|9,353.5533905932738,1000.0,0.00040750108331201874,0.0009984982481230607,0.015161887582770692,0.01524946596659348,0.044762565815687785,0.03187628166583595,0.057316234142107306,0.04724727895435178,0.5623351446194949,0.8112781244601233,0.03853742283318109,2.7611338565193617,0.05555555555555555,0.030470914127422474,0.029585798816565246
s5_000,5,0|1|7|8|9,447.21359549995793,1000.0,0.0007494739283424393,0.0020035032531280656,0.03674128922398738,0.03775561965322252,0.04372538218368735,0.023806242121431773,0.04078787841173133,0.03672687028235788,0.6730116670093538,0.9709505944548091,0.04133230452674834,2.6205834022366177,0.08888888888888889,0.0243055555555545,0.010802469135801634
s5_001,5,3|4|6|11|15,447.21359549995793,1000.0,0.0007463714794658441,0.0019944942441190564,0.01873825509424759,0.020239659869665215,0.04446329295396455,0.030670046508464794,0.07436553571242073,0.048494272639600024,0.6730116670093538,0.9709505944548091,0.051476890113252426,2.612563434851577,0.08888888888888889,0.04166666666666486,0.0238751147842035
s5_002,5,7|9|11|14|15,400.0,1000.0,0.0007478917777614421,0.0020035032531280656,0.027220789088440632,0.028437685157632907,0.046266180981120834,0.02977423711472405,0.08169574942365909,0.04470004905021066,0.9502705392342892,0.864973520718887,0.04641991005627271,2.6320332217456923,0.09467455621301775,0.020710059171596865,0.0238751147842035
s5_003,5,0|3|5|10|11,400.0,1000.0,0.0006001734587240058,0.0015045037533781905,0.01936701861958396,0.021743313641638912,0.04338453735404147,0.008257420632069844,0.018542338916866484,0.013433122102591366,0.500402423539186,0.7219280948888023,0.0420646101964777,2.597754467952584,0.09467455621301775,0.020408163265305472,0.011111111111109876
s5_004,5,2|5|8|13|15,316.22776601683796,1000.0,0.0003884262090471722,0.001001834472940273,0.0210004765994641,0.02020418413289994,0.04233924879057628,0.033900943770722496,0.08357180621963611,0.050768888464506855,0.6730116670093538,0.9709505944548091,0.03288888888888764,2.615691420622268,0.044444444444444446,0.031999999999998724,0.022222222222219753
s5_005,5,1|7|8|9|10,400.0,1000.0,0.0004472894484398093,0.001001834472940273,0.0252993374178911,0.025543189790440783,0.04375575711374673,0.01671708201541668,0.0309180779391662,0.02795405857500128,0.500402423539186,0.7219280948888023,0.02801721283146001,2.6678913669310638,0.05536332179930796,0.0243055555555545,0.004382761139517577
s5_006,5,0|5|6|7|10,400.0,1000.0,0.000749429875758774,0.0020035032531280656,0.024634747863792928,0.026370391196472626,0.043274827080755154,0.010573950409634655,0.04127837792896468,0.0163048986648461,0.500402423539186,0.7219280948888023,0.031212575403758807,2.552397676832865,0.05536332179930796,0.021947873799724894,0.016326530612243567
s5_007,5,5|6|9|10|14,447.21359549995793,1000.0,0.0006644988375084582,0.0020035032531280656,0.023341234363168938,0.02421418215829838,0.04933363923209094,0.010285220786587395,0.03054037435166059,0.018074777871784665,0.500402423539186,0.7219280948888023,0.04433320517749506,2.6426675117175162,0.08888888888888889,0.031999999999998724,0.012110726643597568
s5_008,5,0|2|8|11|15,374.16573867739413,1000.0,0.000776763223758691,0.0020035032531280656,0.02249526539624826,0.023119910860962954,0.053658771466356225,0.03022715586386368,0.07573725741375556,0.049079197984090814,1.0549201679864768,0.9602297178610639,0.03853288915017202,2.5840548813903856,0.07142857142857142,0.021947873799724894,0.022222222222219753
s5_009,5,1|5|11|14|15,244.94897427831782,500.0,0.0004891728454910989,0.0010056714486334235,0.013177921796597167,0.01450296402401216,0.08198455745473061,0.024387068257268694,0.04057191874676107,0.04229860915355626,1.0549201679864768,0.9602297178610639,0.022848881601456244,2.6323371817497287,0.03550295857988166,0.007653061224489555,0.025390624999997512
s5_010,5,1|2|3|4|8,374.16573867739413,1000.0,0.00045208471353169554,0.001001834472940273,0.023582529295634598,0.023785448180352064,0.06209046714241884,0.037272331485881015,0.04778591266584717,0.06096702677053158,1.0549201679864768,0.9602297178610639,0.03031976966635963,2.5914469343705617,0.0546875,0.012396694214875395,0.0238751147842035
s5_011,5,4|5|9|10|15,374.16573867739413,1000.0,0.00039947712448006175,0.0010008339726901478,0.01673944949917814,0.016316325970854147,0.05236606078444518,0.026027980743111245,0.05208970113269046,0.042423254126835105,0.6730116670093538,0.9709505944548091,0.031216888730778932,2.6613738848997306,0.0546875,0.03550295857988034,0.003460207612456448
s5_012,5,2|9|10|11|14,400.0,1000.0,0.0006459421523459438,0.0015045037533781905,0.019472795449747178,0.01995008327924888,0.07361281148548815,0.027722333872285156,0.03515401818524704,0.04523315272752136,0.9502705392342892,0.864973520718887,0.04586894586894479,2.631581369091599,0.09467455621301775,0.020710059171596865,0.022222222222219753
s5_013,5,6|9|10|11|14,489.89794855663564,1000.0,0.0007997422371673016,0.0020035032531280656,0.023305029486522428,0.02465290851709525,0.04796736809845918,0.010152449924896847,0.03581822021138097,0.017836934003873144,0.500402423539186,0.7219280948888023,0.059441364792012986,2.6303454104836854,0.12244897959183673,0.031999999999998724,0.0238751147842035
s5_014,5,0|2|3|9|11,200.0,500.0,0.0005572765578354609,0.001335224483990328,0.024423400292871524,0.02698990854507618,0.058319547721079355,0.03095072370339643,0.048464738128513644,0.047179622326755974,0.9502705392342892,0.864973520718887,0.02723490007632154,2.6262926809869906,0.03305785123966942,0.031999999999998724,0.016646848989296473
s5_015,5,2|3|10|13|15,374.16573867739413,1000.0,0.00021070054176433223,0.0005028349731903978,0.020799153858064343,0.022084951687435104,0.043558118581753666,0.03163854731639774,0.07492404148174012,0.04732363570471772,0.6730116670093538,0.9709505944548091,0.041883597883596635,2.566938554378051,0.07142857142857142,0.031999999999998724,0.022222222222219753
s5_016,5,0|6|9|11|13,400.0,1000.0,0.0007480694462046177,0.0020035032531280656,0.02612301603938639,0.02869159433850264,0.03720086828781929,0.01087085911393507,0.04171514802951445,0.01611386983403353,0.500402423539186,0.7219280948888023,0.06271919682429385,2.572007247482305,0.1111111111111111,0.04166666666666486,0.035379812695105574
s5_017,5,0|10|11|12|13,400.0,1000.0,0.0007148066253912623,0.0016705591515464764,0.02378829324089744,0.026460770153646413,0.0456540681915941,0.010109048740943427,0.037073815723791106,0.0166227094572066,0.500402423539186,0.7219280948888023,0.0444230930006797,2.601323128653854,0.09467455621301775,0.021947873799724897,0.016646848989296473
s5_018,5,1|4|5|7|11,374.16573867739413,1000.0,0.0007463359289259487,0.0019944942441190564,0.020552795306099342,0.02094119889485697,0.08143968551258343,0.029116382757369073,0.030601235995260066,0.049264285947038085,0.9502705392342892,0.864973520718887,0.034936441292492224,2.5707336731089043,0.0546875,0.020710059171596865,0.02941176470587981
s5_019,5,5|7|8|13|14,447.21359549995793,1000.0,0.0007492608427123324,0.0020035032531280656,0.026019715079005523,0.02545094047837796,0.0445588557144486,0.012189509395644869,0.0388754852742163,0.019744168851216375,0.500402423539186,0.7219280948888023,0.04619502314814697,2.6458826860274427,0.08888888888888889,0.0243055555555545,0.025390624999997512
s5_020,5,0|5|7|14|15,374.16573867739413,1000.0,0.0007498489988997896,0.0020035032531280656,0.026092719854413093,0.02717011344825519,0.06370228681564631,0.02781060427685299,0.07274060598778798,0.04319073040062036,1.0549201679864768,0.9602297178610639,0.03125800366060053,2.5722991596753664,0.07142857142857142,0.007653061224489555,0.014692378328740615
s5_021,5,0|6|7|9|13,489.89794855663564,1000.0,0.0007492960882529413,0.0020035032531280656,0.02526287372468005,0.027248809761031063,0.024798550901554944,0.012896733536769173,0.029423313983060057,0.017752668378175445,0.500402423539186,0.7219280948888023,0.06070216366319552,2.640462901352919,0.12244897959183673,0.03024574669187003,0.02941176470587981
s5_022,5,1|6|8|10|11,400.0,1000.0,0.0007466212203121023,0.0019944942441190564,0.02401335845556454,0.024471422018183454,0.04862101331685319,0.015472533626572796,0.044261505059040085,0.02741161875924778,0.500402423539186,0.7219280948888023,0.037284372572557345,2.5515976606155615,0.05536332179930796,0.031999999999998724,0.024489795918365347
s5_023,5,0|4|6|10|13,489.89794855663564,1000.0,0.0007492960210221206,0.0020035032531280656,0.024925948482225863,0.026853749121375427,0.06768957894948668,0.028709960046229034,0.034378279244406264,0.04444726153514226,0.9502705392342892,0.864973520718887,0.05309726048362279,2.625532491103219,0.09375,0.04166666666666486,0.0238751147842035
s5_024,5,0|3|10|11|14,400.0,1000.0,0.0006332553067007736,0.0015045037533781905,0.02533899916818013,0.02821802165768288,0.0779284330870714,0.012659635838050387,0.01959533059811718,0.02121589784411827,0.6730116670093538,0.9709505944548091,0.04805669867398196,2.56282034152423,0.1111111111111111,0.021947873799724894,0.011111111111109876
s5_025,5,0|8|9|10|13,489.89794855663564,1000.0,0.0006645185611375215,0.0020035032531280656,0.026420503972661852,0.027888716388302176,0.040314056097894437,0.010622311446558175,0.03082586340282299,0.016077199911091335,0.500402423539186,0.7219280948888023,0.059913548752833355,2.684200110772724,0.12244897959183673,0.04166666666666486,0.015624999999998472
s5_026,5,1|3|9|10|15,374.16573867739413,1000.0,0.00020047229647646164,0.0005028349731903978,0.027885656630791324,0.029700001450968943,0.050436056280133104,0.02965642044052718,0.06649307276578183,0.04595392842007601,0.9502705392342892,0.864973520718887,0.03719727891156398,2.61335032755646,0.07142857142857142,0.031999999999998724,0.008163265306121784
s5_027,5,4|6|11|13|14,489.89794855663564,1000.0,0.0008937604357574289,0.0020035032531280656,0.023678064153648835,0.02484759577446926,0.06858512784087734,0.030138796688990416,0.0409664668573408,0.048179164665158605,0.9502705392342892,0.864973520718887,0.06269151299293745,2.560836800432392,0.12244897959183673,0.03024574669187003,0.035379812695105574
s5_028,5,1|5|6|7|10,244.94897427831782,500.0,0.0004471409148732152,0.001001834472940273,0.023528593356646293,0.024255853181252143,0.049385713628998684,0.015381721339025484,0.03781820442620067,0.026697766024170483,0.500402423539186,0.7219280948888023,0.016971980242942972,2.6250823542954893,0.018518518518518517,0.020710059171596865,0.011687363038713533
s5_029,5,0|1|2|4|7,374.16573867739413,1000.0,0.0007434693131647256,0.0020035032531280656,0.02477574207342831,0.02583290676098019,0.047287731871190654,0.029972424822921562,0.04498780352941926,0.05043126401091578,1.0549201679864768,0.9602297178610639,0.03336642156862639,2.6240083687894336,0.0546875,0.015999999999999362,0.02941176470587981
s5_030,5,2|8|10|13|15,374.16573867739413,1000.0,0.00037135325499465017,0.001001834472940273,0.020965691920104078,0.020451680724008714,0.04316830583884066,0.033393819842790225,0.0819503617830007,0.04970804729912708,0.6730116670093538,0.9709505944548091,0.037220495143945986,2.6325375274962983,0.0546875,0.031999999999998724,0.024973985431839228
s5_031,5,1|2|4|11|13,374.16573867739413,1000.0,0.0006441270795906599,0.0019934937438689316,0.0198494702462333,0.021269614046525193,0.07254032285819274,0.03170859872726635,0.03803447589961577,0.05384262526408393,1.0549201679864768,0.9602297178610639,0.04672619047618848,2.660396597428128,0.07142857142857142,0.0243055555555545,0.044444444444439506
s5_032,5,0|3|10|14|15,400.0,1000.0,0.0006018693226513525,0.0015045037533781905,0.02551522989236609,0.027397091650395174,0.06332315186467626,0.025515803684737465,0.060855961436543725,0.04022442688066384,1.0549201679864768,0.9602297178610639,0.04082726833758069,2.5576031972592927,0.09467455621301775,0.021947873799724894,0.005859374999999427
s5_033,5,5|8|9|13|15,374.16573867739413,1000.0,0.00039966872755736884,0.001001834472940273,0.020749822398700858,0.02065697801465454,0.024069568384467756,0.02764131444730064,0.07784899871819181,0.03759099525359932,0.500402423539186,0.7219280948888023,0.042906746031744915,2.6678913669327744,0.07142857142857142,0.04166666666666486,0.015624999999998472
s5_034,5,1|9|11|13|14,200.0,500.0,0.0004896081436334707,0.0010050050050050049,0.031082812634710955,0.03332661567609463,0.06675126557471094,0.018120981512841992,0.03048109163716915,0.030586213222930043,0.6730116670093538,0.9709505944548091,0.030914406496776497,2.5975666109578506,0.03305785123966942,0.0243055555555545,0.035379812695105574
s5_035,5,7|10|11|13|15,447.21359549995793,1000.0,0.0006616318604580471,0.0019944942441190564,0.018413384224826503,0.01939032237174061,0.026296263520472773,0.024220144658823727,0.08021389790529874,0.033152677860970745,0.500402423539186,0.7219280948888023,0.048664337562870114,2.589900534389169,0.08888888888888889,0.021947873799724897,0.03515624999999656
s5_036,5,0|4|6|9|15,447.21359549995793,1000.0,0.0007492602100163046,0.0020035032531280656,0.028067693601502176,0.03064427681273301,0.04500726302198808,0.03172033918515453,0.07344894998528005,0.051901479895328465,1.0549201679864768,0.9602297178610639,0.04623960695389184,2.6336329450435136,0.08888888888888889,0.04166666666666486,0.008163265306121784
s5_037,5,2|4|5|12|15,200.0,500.0,0.00038846405703798673,0.0010008339726901478,0.01621599677741377,0.016704614049523475,0.050705108051128676,0.02693225788380829,0.06340616926574148,0.04605576105964193,0.6730116670093538,0.9709505944548091,0.016967739113389915,2.536211323301366,0.015625,0.020710059171596865,0.014568158168572883
s5_038,5,1|5|9|11|15,244.94897427831782,500.0,0.00039780123845358336,0.0009966624396244143,0.02146089045021987,0.02268479381279841,0.05691886275094017,0.02693586791609314,0.05798269251572863,0.04365290004795427,0.9502705392342892,0.864973520718887,0.027108649054603348,2.614742507275653,0.03550295857988166,0.021947873799724894,0.0238751147842035
s5_039,5,0|1|2|4|12,316.22776601683796,1000.0,0.0006874645730838907,0.0020025027528779403,0.023511813781806376,0.025964181684899734,0.043360865995236926,0.02911514075778099,0.04227184587095269,0.05143802515016702,1.0549201679864768,0.9602297178610639,0.02861168981481377,2.5971304782779363,0.044444444444444446,0.015999999999999362,0.025390624999997512
s5_040,5,2|5|6|8|9,374.16573867739413,1000.0,0.00045149430566746273,0.0009984982481230607,0.014852383613124234,0.014101011132341187,0.03848142858169234,0.03091426952408709,0.056397618521402924,0.04450984949029243,0.500402423539186,0.7219280948888023,0.03626945382535784,2.6363693006185436,0.0546875,0.03024574669187003,0.0238751147842035
s5_041,5,1|3|7|9|11,400.0,1000.0,0.000630716698183712,0.0019944942441190564,0.025123446152506217,0.026638613399394828,0.041370019886970796,0.01637911449268941,0.034794991754235303,0.027856251930847675,0.500402423539186,0.7219280948888023,0.049463958824817356,2.5878043271924867,0.09467455621301775,0.0243055555555545,0.02941176470587981
s5_042,5,1|2|4|8|11,374.16573867739413,1000.0,0.0007403972897324076,0.0019944942441190564,0.020944471305413746,0.020457584675109275,0.07398449964164541,0.03309595706882541,0.04586684369372775,0.05643601626337776,1.0549201679864768,0.9602297178610639,0.03804976851851702,2.495565850509153,0.0546875,0.0243055555555545,0.03515624999999656
s5_043,5,2|4|5|6|14,374.16573867739413,1000.0,0.0007431835846015065,0.0020035032531280656,0.020656526554629122,0.021188055806343243,0.07749745253456056,0.031336274448333604,0.04534242491524633,0.05300900100260027,1.0549201679864768,0.9602297178610639,0.034794560185184,2.5843419249178177,0.0546875,0.0243055555555545,0.025390624999997512
s5_044,5,1|7|8|13|14,447.21359549995793,1000.0,0.0007494739283424393,0.0020035032531280656,0.03617351473434889,0.036401419549704654,0.04638603257507523,0.025378585877253418,0.04098363452843314,0.039368376776624255,0.6730116670093538,0.9709505944548091,0.043214269534739995,2.629841468611854,0.08888888888888889,0.011342155009451264,0.02941176470587981
s5_045,5,5|12|13|14|15,244.94897427831782,500.0,0.0005347148118748112,0.0016705591515464764,0.027266401652422324,0.028841587038476578,0.04709013365592582,0.030267149201458503,0.07995881451894866,0.0460696898913261,0.9502705392342892,0.864973520718887,0.022441376287529468,2.56857665288682,0.03550295857988166,0.020710059171596865,0.011111111111109876
s5_046,5,1|3|7|11|14,400.0,1000.0,0.0007478917777614421,0.0020035032531280656,0.030967689164738143,0.03317864837589226,0.0683267866099613,0.01912406051973862,0.038859321157061186,0.03165026055417841,0.6730116670093538,0.9709505944548091,0.047910802484227834,2.6071577346991353,0.09467455621301775,0.015999999999999362,0.03305785123966639
s5_047,5,0|4|5|11|13,400.0,1000.0,0.0007477845882319812,0.0020025027528779403,0.0209919430997765,0.022991434981937408,0.07768026291551841,0.02520428603822238,0.024592097820366497,0.040883760941366386,0.9502705392342892,0.864973520718887,0.04894145459406485,2.572299159676066,0.09467455621301775,0.03550295857988034,0.016646848989296473
s5_048,5,2|4|9|10|14,447.21359549995793,1000.0,0.0006675888772459087,0.0020025027528779403,0.02025287074750761,0.01977644013081852,0.07547265178924567,0.02980664674599894,0.031148592462208535,0.05088645111410141,1.0549201679864768,0.9602297178610639,0.04293981481481395,2.6820600587745664,0.08888888888888889,0.0243055555555545,0.015624999999998468
s5_049,5,1|10|12|14|15,316.22776601683796,1000.0,0.0005827201450689986,0.0016705591515464764,0.024991124185829848,0.02589352384649546,0.06515340550283583,0.029394212458893388,0.0671395560448367,0.049661138489262006,1.0549201679864768,0.9602297178610639,0.021595207920979617,2.6535622279118654,0.044444444444444446,0.008230452674896836,0.012110726643597568
s6_000,6,0|2|3|6|11|14,381.8813079129867,1000.0,0.0007798759664482848,0.0020035032531280656,0.027741877915414215,0.03089305751426368,0.0678674614541017,0.030474167395473647,0.0550130080376294,0.04733980513151692,1.0114042647079926,0.9206198357148883,0.04925925925925787,2.450537262948902,0.09333333333333334,0.0266666666666656,0.027777777777774692
s6_001,6,0|1|4|6|8|12,372.6779962499649,1000.0,0.000738250480077435,0.0020035032531280656,0.03192702029822032,0.03392568272932118,0.05843106586447718,0.03586379045666295,0.04322225158202098,0.05729607944434743,1.0114042647079926,0.9206198357148883,0.02970521541950037,2.4276903063577335,0.04999999999999999,0.025510204081631474,0.013605442176869638
s6_002,6,7|9|10|12|14|15,408.248290463863,1000.0,0.0006425324816249881,0.0020035032531280656,0.02690472124710658,0.028294087375929904,0.04209935969235464,0.028954849299755947,0.07337748005634248,0.042436436197523124,0.8675632284830787,0.7896900821443197,0.03395900279372502,2.568310041538317,0.07407407407407407,0.017689906347553967,0.01011302795954702
s6_003,6,1|3|4|5|6|15,343.5921354681384,1000.0,0.0004711710918455403,0.001001834472940273,0.02500183944447445,0.026571676160466805,0.05867687404076697,0.03210805579540393,0.06431485885219697,0.05275635349757971,1.0114042647079926,0.9206198357148883,0.0317265378466467,2.5722123777647763,0.04709141274238228,0.034482758620688184,0.013605442176869638
s6_004,6,1|3|5|6|11|15,343.5921354681384,1000.0,0.0005757643375600109,0.0019944942441190564,0.024256896979455867,0.026442067139691352,0.04932126684825187,0.02778153293612874,0.07142238256403502,0.04319399497262625,0.8675632284830787,0.7896900821443197,0.03883347615841221,2.5383848269640317,0.0588235294117647,0.030176899063474413,0.02749999999999752
s6_005,6,0|3|7|8|10|14,500.0,1000.0,0.0008390591929414586,0.0020035032531280656,0.03280776509397775,0.033901024444175885,0.05720692433447633,0.015594394699513861,0.039333204055837435,0.023916289064280463,0.6365141682950823,0.9182958340548784,0.050092592592591856,2.5697511675147653,0.1111111111111111,0.0266666666666656,0.012499999999998871
s6_006,6,3|4|6|7|10|15,381.8813079129867,1000.0,0.0004486514258972319,0.001001834472940273,0.018152635341187464,0.01909019623692228,0.04210062709335736,0.031332276368232354,0.06674957827570922,0.04638761307193829,0.6365141682950823,0.9182958340548784,0.030431988414867533,2.5278712882365015,0.04761904761904762,0.034482758620688184,0.009194159004866777
s6_007,6,1|2|3|9|12|15,235.70226039551585,500.0,0.0002546160391583118,0.0006688903713586837,0.027125632543126527,0.029554868726621455,0.05204908046785777,0.037834602055939075,0.07631190239377934,0.061956253378929925,1.0114042647079926,0.9206198357148883,0.02438676112701901,2.554686129152849,0.03125000000000001,0.020214030915575835,0.02169625246548118
s6_008,6,2|5|6|7|8|15,250.0,500.0,0.0004581876142763535,0.001001834472940273,0.020517052380532485,0.020244443449157223,0.039973978704778444,0.035445528392822,0.08803788340544087,0.05126393015298866,0.6365141682950823,0.9182958340548784,0.023821691278136214,2.4997883801261183,0.02040816326530612,0.0266666666666656,0.02439024390243693
s6_009,6,2|3|6|7|9|14,448.76373392787536,1000.0,0.0006857725358752832,0.0020035032531280656,0.024022965310459738,0.02487781491926826,0.0558103111997689,0.03683392912746121,0.052698843237783156,0.05405575938454223,0.8675632284830787,0.7896900821443197,0.046730566591196086,2.577861022897608,0.10034602076124567,0.012345679012345071,0.02749999999999752
s6_010,6,5|7|8|10|13|14,448.76373392787536,1000.0,0.000693114157541958,0.0020035032531280656,0.023345980934845006,0.02292722769135717,0.042878263379159794,0.010057623508402391,0.036177513998347226,0.017237411261700326,0.45056120886755646,0.6500224216501602,0.042898443034815326,2.5638010023248,0.08033240997229919,0.0266666666666656,0.02169625246548118
s6_011,6,3|7|8|10|13|15,448.76373392787536,1000.0,0.0004486152738078145,0.001001834472940273,0.018307096217839342,0.0192670210431566,0.023641993525189874,0.025844861562740754,0.06844254743316498,0.033891513562003844,0.45056120886755646,0.6500224216501602,0.04493838953099519,2.522149763131542,0.08033240997229919,0.034482758620688184,0.019999999999998193
s6_012,6,0|5|7|11|12|13,372.6779962499649,1000.0,0.0007553318240198633,0.0020035032531280656,0.02343380598598115,0.025166813668680187,0.0379848946301709,0.009707766313860557,0.043559529511778806,0.015392747358722389,0.45056120886755646,0.6500224216501602,0.04181134259259134,2.5005716734490298,0.078125,0.019531249999999317,0.027777777777774692
s6_013,6,0|2|4|8|9|10,448.76373392787536,1000.0,0.0006841153000894357,0.0020035032531280656,0.023132217555353107,0.022909428007448784,0.06510703178153333,0.032705645798228496,0.04366491795613429,0.05195014620052157,1.0114042647079926,0.9206198357148883,0.042873958235794825,2.5554674328523626,0.08033240997229919,0.034482758620688184,0.013806706114397115
s6_014,6,4|6|7|9|13|15,448.76373392787536,1000.0,0.0004996397603960327,0.001001834472940273,0.017119008704726792,0.01793452462934535,0.04555720605104346,0.037241541194147375,0.06515773428433333,0.0553801829970596,0.6365141682950823,0.9182958340548784,0.043182385866580714,2.5510032338646034,0.08033240997229919,0.0288065843621385,0.020408163265304455
s6_015,6,0|1|2|8|12|13,343.5921354681384,1000.0,0.0006320657001530049,0.0020035032531280656,0.031989917423096516,0.03363403015521881,0.05963170973665031,0.03928676204577094,0.05945552441228006,0.06075264502921146,1.0114042647079926,0.9206198357148883,0.036328809371347665,2.5716361225056046,0.05882352941176469,0.02021403091557583,0.029948867786702468
s6_016,6,0|2|4|7|13|15,408.248290463863,1000.0,0.0006857631007728948,0.0020035032531280656,0.02471581072930733,0.026349208602494106,0.043833757913489625,0.031718098271813065,0.07266056827519927,0.05151540662033292,1.0114042647079926,0.9206198357148883,0.043737218289386814,2.5830954299386026,0.07407407407407407,0.0266666666666656,0.030470914127420784
s6_017,6,2|10|12|13|14|15,343.5921354681384,1000.0,0.000543451228498922,0.0016705591515464764,0.02445977898047917,0.025577142563206798,0.052178617149469565,0.03323169179681161,0.0750261814259866,0.052648329817488314,1.0114042647079926,0.9206198357148883,0.03167731809261171,2.4981012796757947,0.0588235294117647,0.017689906347553967,0.01851851851851646
s6_018,6,5|6|8|11|13|14,448.76373392787536,1000.0,0.0008160922307122356,0.0020035032531280656,0.023705304476331387,0.02372081490318259,0.04160294960497025,0.010026525061098681,0.04568719920376827,0.017301154648390212,0.45056120886755646,0.6500224216501602,0.05492588238954544,2.5144810357428677,0.10034602076124567,0.034482758620688184,0.029948867786702468
s6_019,6,1|8|9|10|14|15,408.248290463863,1000.0,0.0006078839375530133,0.0020035032531280656,0.0301031950786355,0.02958214464053373,0.05878722729404409,0.030145740366215108,0.06749678909996253,0.04785745175240066,1.0114042647079926,0.9206198357148883,0.03584782060972483,2.61737510119474,0.07407407407407407,0.0266666666666656,0.006802721088434819
s6_020,6,2|3|4|6|11|12,408.248290463863,1000.0,0.0006918771203655088,0.0019944942441190564,0.013445791862980555,0.01396242841033588,0.05073782881328104,0.03558883463863697,0.05300285090659899,0.055473914588816294,0.6365141682950823,0.9182958340548784,0.043177715314136,2.4958108335758746,0.07407407407407407,0.025510204081631474,0.02994886778670247
s6_021,6,6|7|9|12|13|15,408.248290463863,1000.0,0.00045796665367335576,0.001001834472940273,0.016080688960900726,0.017266124061340187,0.03372173383942916,0.03206141772159952,0.06390373236530568,0.042961062618857244,0.45056120886755646,0.6500224216501602,0.0413248406860475,2.5754528215065497,0.07407407407407407,0.02551020408163148,0.024390243902436933
s6_022,6,0|7|10|12|13|14,448.7637339278753,1000.0,0.0007858754191655098,0.0020035032531280656,0.03194426504592524,0.034064428565083175,0.05731683050982087,0.01595480619687947,0.03884381469488744,0.024965427499564503,0.6365141682950823,0.9182958340548784,0.04673219730958067,2.528586194531481,0.10034602076124566,0.017689906347553967,0.022160664819942385
s6_023,6,0|2|4|8|9|11,448.76373392787536,1000.0,0.0008251728190636311,0.0020035032531280656,0.02270904035316204,0.022994154824030333,0.06278205224003927,0.03331640741804729,0.048261878232407907,0.05334576785855036,1.0114042647079926,0.9206198357148883,0.05200404162986715,2.4873839988265702,0.10034602076124567,0.034482758620688184,0.0211833455076676
s6_024,6,1|4|5|7|8|11,372.67799624996496,1000.0,0.0007435422330193289,0.0019944942441190564,0.02207659465252146,0.021551600235710334,0.0691716131658584,0.02930333228097573,0.04036750853831574,0.04813515376364861,0.8675632284830787,0.7896900821443197,0.03368563685636752,2.43257307402157,0.05,0.0266666666666656,0.024390243902436933
s6_025,6,0|2|6|12|13|14,372.6779962499649,1000.0,0.0007712581513848629,0.0020035032531280656,0.031629455145176615,0.034511197033021725,0.05704991268019876,0.03690594728059792,0.06216180723215268,0.05603494415172769,1.0114042647079926,0.9206198357148883,0.04203893623111684,2.4816274109347036,0.078125,0.02021403091557583,0.027777777777774692
s6_026,6,0|3|4|5|11|15,372.6779962499649,1000.0,0.000686576740047901,0.0020025027528779403,0.021109617669224978,0.023343033326224085,0.06349163236249022,0.026305360661817087,0.050748029800974336,0.04306044204377882,1.0114042647079926,0.9206198357148883,0.04059760774287721,2.546180574064748,0.078125,0.031249999999998904,0.01241782322863273
s6_027,6,1|2|6|7|9|14,408.248290463863,1000.0,0.000685952318408391,0.0020035032531280656,0.03101140419805083,0.03202842328179503,0.06049535757398255,0.03806296179709119,0.05784145996239629,0.05931551921598058,1.0114042647079926,0.9206198357148883,0.03716301335348864,2.5982482600498167,0.07407407407407407,0.010204081632652592,0.027210884353739275
s6_028,6,2|5|6|10|11|15,343.5921354681384,1000.0,0.0006100368650756949,0.0019944942441190564,0.01456504273097038,0.01500550356217232,0.04622947324535187,0.027459657594465395,0.06687687943774924,0.04243313389352716,0.6365141682950823,0.9182958340548784,0.03228202447542542,2.4994448783729326,0.04709141274238228,0.019283746556473195,0.030470914127420784
s6_029,6,0|1|6|7|9|13,448.76373392787536,1000.0,0.0006881299724841429,0.0020035032531280656,0.03362450578861996,0.03606081302961318,0.03932518158373265,0.022204427164556766,0.03666710544925889,0.03388765449738749,0.6365141682950823,0.9182958340548784,0.051022369732205475,2.5570485330288872,0.10034602076124567,0.025510204081631474,0.027210884353739275
s6_030,6,0|2|3|7|11|12,372.6779962499649,1000.0,0.0007693115445048601,0.0020035032531280656,0.024335444410197662,0.026495262008431355,0.0515987633041155,0.032810719157062795,0.06062981883372509,0.04862672799121035,0.8675632284830787,0.7896900821443197,0.041197561375109555,2.523449386301777,0.078125,0.017689906347553967,0.027777777777774692
s6_031,6,1|4|5|8|10|11,372.67799624996496,1000.0,0.0006904229316423367,0.0019944942441190564,0.019190425197040614,0.01840365924916716,0.07452873585306245,0.02603333754907863,0.026411057706626773,0.04487611701937505,0.8675632284830787,0.7896900821443197,0.03339229968782421,2.481907942809184,0.05,0.030176899063474413,0.019999999999998196
s6_032,6,1|3|6|7|11|12,408.248290463863,1000.0,0.0007033171079753801,0.0019944942441190564,0.022818930444650956,0.024270359787854606,0.03494407627846717,0.016206906538533326,0.039680706249974135,0.027849704809413192,0.45056120886755646,0.6500224216501602,0.04193898562117726,2.5326760285589076,0.07407407407407407,0.02021403091557583,0.031528851873881894
s6_033,6,1|7|9|10|11|14,448.76373392787536,1000.0,0.0007309607712168311,0.0020035032531280656,0.027510638586682724,0.028463506497689712,0.06915040903668467,0.016757736649964067,0.03158578461480938,0.02891230392992834,0.6365141682950823,0.9182958340548784,0.04747539033707885,2.561613534064394,0.10034602076124567,0.017689906347553967,0.024390243902436933
s6_034,6,1|9|10|11|14|15,372.6779962499649,1000.0,0.0005586390987310602,0.0015045037533781905,0.022701393958841826,0.023720062234518915,0.06947336435308087,0.025943840490580905,0.05126011038692919,0.04287729292066774,1.0114042647079926,0.9206198357148883,0.03921874999999917,2.5690668575397178,0.078125,0.019531249999999313,0.019999999999998196
s6_035,6,2|4|6|9|12|13,408.248290463863,1000.0,0.00041877337216735623,0.0009984982481230607,0.011507633770839125,0.011963101273916027,0.05558602919926006,0.040934383892935765,0.044222272715316056,0.06244555994734053,0.6365141682950823,0.9182958340548784,0.03879310257604048,2.563566518804745,0.07407407407407407,0.011834319526626592,0.030470914127420784
s6_036,6,0|3|8|12|13|15,372.6779962499649,1000.0,0.0006295961327198436,0.0020035032531280656,0.02946576014175456,0.03214067642682056,0.0439506295537524,0.03425441746492321,0.07705168372138789,0.0484289194818475,0.8675632284830787,0.7896900821443197,0.04167519394977364,2.5641950478309834,0.078125,0.034482758620688184,0.01241782322863273
s6_037,6,3|5|7|12|14|15,343.5921354681384,1000.0,0.0006295769012194696,0.0020035032531280656,0.026958200774163003,0.028615114402284026,0.042770566494092756,0.029539667810206723,0.07649177196015128,0.04327065618165391,0.8675632284830787,0.7896900821443197,0.030106713957905262,2.5204272280803313,0.0588235294117647,0.017689906347553967,0.013806706114397115
s6_038,6,0|1|10|11|12|15,343.5921354681384,1000.0,0.0006552597152234487,0.0016705591515464764,0.0231021641442968,0.025454984326273567,0.06625411707229197,0.02701248611751325,0.06045991507455282,0.044347305964504646,1.0114042647079926,0.9206198357148883,0.029146732367386383,2.5732698685479938,0.05882352941176469,0.006920415224913279,0.02169625246548118
s6_039,6,0|4|8|9|10|15,448.76373392787536,1000.0,0.0006931740324990169,0.0020035032531280656,0.026267039878420148,0.026605315172575902,0.053276595364567046,0.030330628047494992,0.06366948260083703,0.04787653362196186,1.0114042647079926,0.9206198357148883,0.04110227665346656,2.480970230301129,0.08033240997229919,0.039999999999998405,0.002974419988102066
s6_040,6,1|3|6|8|10|12,372.6779962499649,1000.0,0.0004130291509362194,0.001001834472940273,0.023004816568675812,0.024304573149060687,0.03703746921727103,0.015098838545821648,0.029997830191251004,0.02584348376774479,0.45056120886755646,0.6500224216501602,0.02970521541950037,2.5934738586440442,0.04999999999999999,0.025510204081631474,0.013605442176869638
s6_041,6,1|2|4|6|8|13,372.67799624996496,1000.0,0.0004581600667095634,0.001001834472940273,0.023662903560486993,0.023917736583089613,0.06304028312186206,0.04153776260142044,0.05271725137568936,0.06555408724577491,1.0114042647079926,0.9206198357148883,0.03227810650887448,2.470937145713897,0.05,0.011834319526626592,0.03499999999999684
s6_042,6,1|6|12|13|14|15,343.5921354681384,1000.0,0.0006296938697095086,0.0020035032531280656,0.03363011801241572,0.03643127005403248,0.048988142545137864,0.03578542316963055,0.08065392555481087,0.05642145261850343,1.0114042647079926,0.9206198357148883,0.03551252010911268,2.5485780859398703,0.0588235294117647,0.020214030915575835,0.02749999999999752
s6_043,6,0|2|3|6|11|12,372.6779962499649,1000.0,0.0007693115445048601,0.0020035032531280656,0.024405919084342628,0.02712528538169662,0.0513072939141393,0.03252643527620919,0.06171191356060406,0.048739050314910916,0.8675632284830787,0.7896900821443197,0.04418981481481343,2.4787031246873794,0.078125,0.0266666666666656,0.027777777777774692
s6_044,6,0|6|7|10|14|15,448.76373392787536,1000.0,0.0008391138439771939,0.0020035032531280656,0.031623998662611265,0.03322480082742021,0.05592917063458985,0.029083334748415197,0.07946365744601813,0.04373477212429211,1.0114042647079926,0.9206198357148883,0.03782303404972272,2.518096386277629,0.08033240997229919,0.019531249999999313,0.013605442176869638
s6_045,6,1|4|5|10|11|12,343.5921354681384,1000.0,0.0006394934645400336,0.0019934937438689316,0.018164520531326844,0.01887979172217714,0.07509260219913567,0.02577410158540369,0.023574915289821214,0.04509514607598191,0.8675632284830787,0.7896900821443197,0.029439638402620927,2.557318570385676,0.04709141274238228,0.019531249999999313,0.02169625246548118
s6_046,6,0|3|5|11|13|14,186.33899812498248,500.0,0.0005011211221116665,0.0010056714486334235,0.027765578372342548,0.030778155061630164,0.06657275351090831,0.012357446158008127,0.029324078283064974,0.019634162537627158,0.6365141682950823,0.9182958340548784,0.022227704368318366,2.563505961734868,0.029585798816568053,0.030176899063474413,0.006920415224912632
s6_047,6,0|1|3|5|13|15,250.0,500.0,0.00037409904087317217,0.0010056714486334235,0.029755301313592945,0.03264952076136205,0.056904715372487896,0.02886320317687513,0.0660861560053857,0.044288007332058336,1.0114042647079926,0.9206198357148883,0.030779187961138932,2.546330992577182,0.04,0.030176899063474413,0.022160664819942385
s6_048,6,0|3|4|10|11|14,471.4045207910317,1000.0,0.0008038512110898735,0.0020025027528779403,0.024354081126531552,0.02639466005591398,0.08961067874049562,0.02400077861181313,0.01886571084600202,0.04017056163398671,1.0114042647079926,0.9206198357148883,0.05586490743070238,2.5353043008148273,0.12500000000000003,0.030176899063474413,0.01241782322863273
s6_049,6,0|3|4|5|11|13,381.8813079129867,1000.0,0.0006867109622690146,0.0020025027528779403,0.022074404434883645,0.024110794760851127,0.06581132839035643,0.024344869191626883,0.028933777126882953,0.03838837063228229,0.8675632284830787,0.7896900821443197,0.04907029478457942,2.534724209932796,0.09333333333333334,0.039999999999998405,0.013877551020406532
s7_000,7,1|2|7|11|13|14|15,349.92710611188255,1000.0,0.0006592479037378322,0.0020035032531280656,0.025558097904622806,0.027003808679580597,0.05828024538512718,0.03355685175396194,0.07230336823423712,0.05410329661784304,1.0789922078777157,0.9821410328349955,0.041078802424949296,2.530534836242336,0.06648199445983378,0.015432098765431513,0.041322314049582594
s7_001,7,0|2|3|4|5|11|15,349.9271061118826,1000.0,0.0006590933170884666,0.0020025027528779403,0.018927911522777115,0.020743485509444222,0.0648864026618983,0.026937772397331743,0.049026484907273994,0.04524145846248651,1.0042424730547939,0.9141008920192181,0.0367041658499312,2.52071792760093,0.0664819944598338,0.027757487216945688,0.01587301587301411
s7_002,7,4|5|7|8|10|13|15,364.2156795423417,1000.0,0.0004624740714971182,0.001001834472940273,0.01808748614353179,0.017632754103785148,0.04166926688440532,0.028980633848901056,0.06448582452880229,0.043014727464177546,0.5982695885857061,0.8631205685672786,0.032208985726979326,2.4286689987148073,0.04513888888888888,0.034285714285712914,0.017202354006336185
s7_003,7,1|4|5|8|9|13|14,416.4965639175215,1000.0,0.0006394760480949191,0.0020035032531280656,0.028442776136138857,0.02842444977491974,0.06963383040882826,0.030262502398823284,0.03182329661042048,0.04864905418860532,0.9556998911135529,0.869915529774553,0.04309807222747223,2.5211514405872353,0.08499999999999999,0.025390624999998786,0.01890359168241791
s7_004,7,2|3|5|6|8|13|15,377.9644730092272,1000.0,0.00043607392335171885,0.001001834472940273,0.020008234759268557,0.020261291675216484,0.037228388400637615,0.034565503712594405,0.07820939891196692,0.04961868282805404,0.5982695885857061,0.8631205685672786,0.0417486553850176,2.510128571128137,0.0634920634920635,0.0348943985307606,0.02685950413222869
s7_005,7,2|3|4|5|6|7|12,349.92710611188255,1000.0,0.00042521283554905075,0.0009984982481230607,0.013089575273184984,0.013224197456468705,0.04770321213295499,0.03475585212285855,0.04765600347931036,0.05206703540363413,0.5982695885857061,0.8631205685672786,0.030975678767394443,2.5004859591075097,0.04536862003780718,0.022038567493111956,0.025519848771264182
s7_006,7,0|1|2|6|9|13|15,349.92710611188255,1000.0,0.0005479496532513624,0.0020035032531280656,0.030209900104578254,0.03275899566127394,0.04960344210052169,0.03592200217960082,0.07654912601738847,0.05735949028097824,1.0789922078777157,0.9821410328349955,0.04267662167527512,2.554063638873662,0.06648199445983378,0.02941176470588111,0.03213610586011045
s7_007,7,2|4|6|8|13|14|15,416.4965639175215,1000.0,0.000690918509563156,0.0020035032531280656,0.025501000460883282,0.025876165141785732,0.05063998917430851,0.03613470385989732,0.0762889213978086,0.05801015147826277,1.0042424730547939,0.9141008920192181,0.0407684085169868,2.464881289278724,0.07024793388429754,0.02539062499999879,0.02666666666666408
s7_008,7,1|3|4|5|7|10|13,416.4965639175214,1000.0,0.0004397680576456541,0.001001834472940273,0.021595520913471465,0.022104793277789647,0.062429100478988156,0.02657800463319016,0.028473960551705344,0.04254962570210289,0.7963116401759153,0.7248340915076734,0.041066587322423416,2.5101934681031017,0.07024793388429751,0.02941176470588111,0.02354006337709162
s7_009,7,0|6|8|10|11|12|15,416.4965639175215,1000.0,0.0008015201604931105,0.0020035032531280656,0.02577614913075345,0.027564859031714826,0.0390591156509758,0.025718555543233212,0.0791038448088701,0.03704577809869282,0.7963116401759153,0.7248340915076734,0.03896967092788704,2.4633821981507147,0.07024793388429754,0.027757487216945688,0.018903591682417908
s7_010,7,3|4|5|7|11|13|15,416.4965639175215,1000.0,0.000637172856185874,0.0019944942441190564,0.017805891851828338,0.018387442715235507,0.040708249431103086,0.028974128363514574,0.06485224140104998,0.04342091501176567,0.5982695885857061,0.8631205685672786,0.04871507280598053,2.513244953268488,0.08499999999999999,0.034285714285712914,0.02685950413222869
s7_011,7,1|2|4|11|12|14|15,319.43828249996994,1000.0,0.000712043808524306,0.0020025027528779403,0.0205410926821249,0.02218887868539866,0.05923251946919078,0.027933541964668542,0.05531116333254866,0.05024110687798437,1.0789922078777157,0.9821410328349955,0.0307638676325534,2.508998452584747,0.04999999999999999,0.015432098765431517,0.02685950413222869
s7_012,7,2|4|6|7|11|12|13,416.4965639175215,1000.0,0.000681616289194332,0.0019944942441190564,0.013033983675225822,0.012899879335470543,0.04646355045448298,0.03664938282955214,0.05341800877366564,0.05519615745091795,0.5982695885857061,0.8631205685672786,0.04453627180899736,2.464051407964565,0.07024793388429752,0.022038567493111956,0.041322314049582594
s7_013,7,2|3|5|7|8|13|14,416.4965639175215,1000.0,0.0006395397057883895,0.0020035032531280656,0.023504778068901094,0.023314913702157974,0.05084234459848931,0.03129306352114571,0.05257949828334922,0.045611058124183264,0.7963116401759153,0.7248340915076734,0.0443328486199313,2.5198690761244245,0.08499999999999999,0.02203856749311196,0.025959978366681936
s7_014,7,1|3|7|10|11|13|14,440.3152859263555,1000.0,0.0006773821658464863,0.0020035032531280656,0.027998482441993162,0.029584535066859905,0.060420868840998225,0.016038598746463583,0.0343712717919196,0.02673052425941911,0.5982695885857061,0.8631205685672786,0.053900182555151936,2.49441652063829,0.10526315789473686,0.022857142857141945,0.033580246913577
s7_015,7,0|7|9|11|12|13|15,364.2156795423417,1000.0,0.0006995379415206237,0.0020035032531280656,0.026749237939409528,0.029053012290828274,0.03423148474988151,0.029148836312081785,0.07627639884081762,0.041129524206684344,0.7963116401759153,0.7248340915076734,0.04444699520456972,2.517671795716004,0.0802469135802469,0.026234567901233574,0.02685950413222869
s7_016,7,0|1|3|4|8|10|13,462.9100498862757,1000.0,0.000647588845288114,0.0020035032531280656,0.02924696766646593,0.03054029626250916,0.0673825189368289,0.029557611236785703,0.031802305009317904,0.046259570565645045,0.9556998911135529,0.869915529774553,0.049678695150424584,2.503613809338161,0.09523809523809525,0.0348943985307606,0.018903591682417908
s7_017,7,1|4|6|7|11|12|13,416.4965639175215,1000.0,0.0006982259534072834,0.0019944942441190564,0.02116264505585472,0.022036202717186214,0.052413592542062286,0.0319396740697712,0.039869755759454235,0.05075351802808253,0.7963116401759153,0.7248340915076734,0.042833994498670654,2.4672452212046294,0.07024793388429752,0.022038567493111956,0.03621548211860248
s7_018,7,0|4|6|7|8|10|12,364.2156795423417,1000.0,0.0006787100059511039,0.0020035032531280656,0.021960538676457413,0.023075119921904773,0.051145293324362094,0.02713092971469209,0.0373095120277875,0.04085893739032663,0.7963116401759153,0.7248340915076734,0.027557857428685023,2.420762385482814,0.041599999999999984,0.02941176470588111,0.011661807580173975
s7_019,7,0|3|4|6|10|12|14,462.9100498862757,1000.0,0.0008031422110417666,0.0020035032531280656,0.028714371490678302,0.031089762970817364,0.06717872063457878,0.0274636706998908,0.03573397254052132,0.043513645215183125,0.9556998911135529,0.869915529774553,0.045645731512516,2.4902219216072687,0.09523809523809525,0.02941176470588111,0.01228733459357164
s7_020,7,1|4|5|7|11|12|15,319.43828249996994,1000.0,0.0006583041739345753,0.0019944942441190564,0.022495950877269032,0.02355809458340269,0.06001265972520242,0.031948084765878106,0.06489718168113047,0.05234729183385365,0.9556998911135529,0.869915529774553,0.027464473994916458,2.4741560332491215,0.041322314049586785,0.017531044558070964,0.02354006337709162
s7_021,7,0|1|4|6|9|10|13,462.9100498862757,1000.0,0.000647588845288114,0.0020035032531280656,0.028807363285370927,0.030788840736876145,0.06595983511024028,0.02914989505145291,0.03166216460279619,0.04604884256060293,0.9556998911135529,0.869915529774553,0.05032194236739581,2.5422110183013324,0.09523809523809525,0.0348943985307606,0.020833333333331566
s7_022,7,1|2|3|6|8|10|14,416.4965639175214,1000.0,0.0006425655055789881,0.0020035032531280656,0.02901928398294167,0.029487749207516005,0.06616330258553131,0.03294786731886165,0.05233735621715283,0.051452233616825035,0.9556998911135529,0.869915529774553,0.038608854918167027,2.5514745724720598,0.07024793388429751,0.022038567493111956,0.02354006337709162
s7_023,7,2|3|4|8|9|13|15,416.4965639175215,1000.0,0.0004359279989147576,0.001001834472940273,0.01856874359274524,0.019093928990766312,0.05015494901721386,0.03732408057017866,0.06812777175400204,0.0580564748116144,0.6829081047005187,0.9852281360343194,0.043894416686015215,2.5040056361760032,0.08499999999999999,0.027055150884493936,0.019628099173551735
s7_024,7,3|4|6|8|10|13|14,494.87165930539356,1000.0,0.000693183605507481,0.0020035032531280656,0.021579829054537866,0.0218667538031691,0.05468305829837892,0.026776879829267963,0.031300431349341636,0.041047433600007566,0.7963116401759153,0.7248340915076734,0.048377432095306705,2.4469645036761656,0.0991735537190083,0.027055150884493936,0.01890359168241791
s7_025,7,1|2|5|9|10|11|14,349.92710611188255,1000.0,0.0005559699253570977,0.0015045037533781905,0.0198370378295606,0.02038666937551383,0.08343535064481343,0.02668767595994293,0.02682067725035687,0.0451236464372416,0.9556998911135529,0.869915529774553,0.03695751438337781,2.5429333854851754,0.06648199445983378,0.01753104455807096,0.02685950413222869
s7_026,7,2|3|6|7|8|9|14,462.9100498862757,1000.0,0.0006908268080332648,0.0020035032531280656,0.02255980971826878,0.022768539866772235,0.05260076933300661,0.03522697148856713,0.04962504556949738,0.05084012526160999,0.7963116401759153,0.7248340915076734,0.04375505044370238,2.5349488037371843,0.09523809523809525,0.012486992715920278,0.02354006337709162
s7_027,7,3|5|6|7|9|10|11,462.9100498862757,1000.0,0.0006451551998086797,0.0019944942441190564,0.011711710398410102,0.01217381813442931,0.006383000903119038,0.0010853241612391832,0.033132635688122705,0.002836509103113586,-0.0,0.0,0.05102129096696659,2.5133226700750266,0.09523809523809525,0.034285714285712914,0.02354006337709162
s7_028,7,0|5|7|8|11|14|15,416.4965639175215,1000.0,0.0008332272586658552,0.0020035032531280656,0.028136809662224656,0.028863285173600605,0.05817751863764949,0.02686098610547452,0.07450978713227659,0.04037943978454853,0.9556998911135529,0.869915529774553,0.04091954219531851,2.449216761660895,0.08499999999999999,0.01800554016620437,0.01975308641975117
s7_029,7,0|2|4|7|9|11|14,440.3152859263555,1000.0,0.0008491261983215604,0.0020035032531280656,0.025396181970849724,0.02650599539078801,0.06817020709440025,0.03208753321260182,0.04450714723100512,0.051792002781525834,1.0789922078777157,0.9821410328349955,0.05165993496136916,2.5026874813087443,0.10526315789473686,0.022857142857141945,0.02685950413222869
s7_030,7,0|5|6|7|8|14|15,416.4965639175215,1000.0,0.0008343593462176868,0.0020035032531280656,0.032690286727807806,0.03371124832118176,0.05086430823492371,0.029793895144556624,0.08141771595170577,0.04371110090907303,0.9556998911135529,0.869915529774553,0.037079815409991425,2.460049906474881,0.07024793388429752,0.026234567901233574,0.014756944444443186
s7_031,7,1|2|6|10|11|13|14,416.4965639175215,1000.0,0.0006921153550628799,0.0020035032531280656,0.025173075056617884,0.026550563906283058,0.07543554564532753,0.03001305112893991,0.04810983975040335,0.0482871387284306,0.9556998911135529,0.869915529774553,0.04972648563557484,2.5321534670231953,0.08499999999999999,0.022857142857141945,0.041322314049582594
s7_032,7,0|1|4|5|9|13|15,349.92710611188255,1000.0,0.0005351946822203549,0.0020025027528779403,0.02739844071572591,0.028986338449926655,0.05949768301412367,0.030269339210900078,0.05493190340647822,0.04946385180737946,1.0789922078777157,0.9821410328349955,0.0398904334759882,2.5481473456589248,0.06648199445983378,0.034285714285712914,0.01890359168241791
s7_033,7,2|3|4|9|11|13|15,364.2156795423417,1000.0,0.0005451946665641141,0.0019934937438689316,0.01856208608435574,0.01968632925369847,0.045183301872609875,0.03267032220907969,0.06582329105097524,0.05192689816176978,0.6829081047005187,0.9852281360343194,0.04631694530684289,2.5447137228191545,0.0802469135802469,0.0348943985307606,0.02380952380952116
s7_034,7,2|3|5|6|7|11|14,416.4965639175215,1000.0,0.0007643691554950873,0.0020035032531280656,0.02217632727520257,0.022940709399736154,0.055018760303724004,0.028080932343297612,0.05679429424401965,0.042497547957138816,0.7963116401759153,0.7248340915076734,0.04731601731601585,2.4961589729737748,0.08499999999999999,0.022857142857141945,0.03409090909090563
s7_035,7,2|6|7|10|13|14|15,416.4965639175215,1000.0,0.0006425655055789881,0.0020035032531280656,0.02576822500438336,0.02645545818275869,0.050218925969626946,0.034560478608710234,0.07935213138502094,0.05194958687259248,0.9556998911135529,0.869915529774553,0.04174706086718331,2.5154608625717874,0.07024793388429754,0.022857142857141945,0.03213610586011045
s7_036,7,2|3|4|5|7|8|12,349.92710611188255,1000.0,0.00042521283554905075,0.0009984982481230607,0.013303401913534477,0.012834265822266823,0.04785103987147487,0.03491144528325236,0.04726448835853474,0.05209589182890073,0.5982695885857061,0.8631205685672786,0.029053424650223435,2.481212690141927,0.04536862003780718,0.022038567493111956,0.01975308641975117
s7_037,7,3|6|7|11|12|13|14,440.31528592635544,1000.0,0.0007907032833825526,0.0020035032531280656,0.021133688948310143,0.021860507663561613,0.03026084846930221,0.010117771348637438,0.03701556606370343,0.01685715497508556,0.4101163182898718,0.5916727785844377,0.05379754482625148,2.4721522666119924,0.10526315789473684,0.022038567493111956,0.03409090909090564
s7_038,7,0|3|6|7|9|11|15,440.3152859263555,1000.0,0.000755555048527378,0.0020035032531280656,0.02679001275170585,0.02938939386195469,0.035291390921070906,0.02808974638860198,0.07633850433246987,0.039163894385546634,0.7963116401759153,0.7248340915076734,0.05436297851918046,2.4963696261577395,0.10526315789473686,0.034285714285712914,0.02354006337709162
s7_039,7,0|1|2|3|5|10|15,319.43828249996994,1000.0,0.0004414111094387052,0.0015045037533781905,0.020935420765281598,0.02203413329030113,0.07122009359377394,0.028965033596787704,0.050931057730062027,0.04819544516835777,1.0789922078777157,0.9821410328349955,0.029252875528651842,2.5334228289941585,0.04999999999999999,0.01800554016620437,0.01975308641975117
s7_040,7,1|3|4|5|8|9|13,416.4965639175215,1000.0,0.0004510924422834962,0.001001834472940273,0.022032506146947,0.02228278655054783,0.05462633942075419,0.029450336751603332,0.02807441688675244,0.04641039623656842,0.7963116401759153,0.7248340915076734,0.04365291418897061,2.4992108940471076,0.08499999999999999,0.027055150884493933,0.018903591682417908
s7_041,7,0|5|6|7|8|9|12,416.4965639175215,1000.0,0.0007005806453312327,0.0020035032531280656,0.02198474171368332,0.023203374923451998,0.028260504248896614,0.00937476782027514,0.034698591800917125,0.014399447786945022,0.4101163182898718,0.5916727785844377,0.03813888101154061,2.4988648960288136,0.07024793388429752,0.02941176470588111,0.014756944444443186
s7_042,7,3|4|7|9|12|13|15,416.4965639175215,1000.0,0.00045127294998172405,0.001001834472940273,0.015621594978780863,0.016878570296051842,0.04460139249139924,0.03673996999566155,0.05799420315930694,0.054625615165127664,0.5982695885857061,0.8631205685672786,0.04309807222747223,2.5188303881191065,0.08499999999999999,0.02539062499999879,0.01890359168241791
s7_043,7,0|2|4|5|10|12|13,377.9644730092272,1000.0,0.0005964243096522945,0.0020025027528779403,0.02078439682900473,0.02192206714224602,0.07060486210050723,0.031037939477522414,0.041421077763071044,0.04974929751358901,0.9556998911135529,0.869915529774553,0.03519988242210373,2.5017902333176627,0.0634920634920635,0.026234567901233578,0.01587301587301411
s7_044,7,0|1|2|4|6|10|15,349.92710611188255,1000.0,0.0006425949105631074,0.0020035032531280656,0.022944649699976692,0.02402573750681384,0.06070039854048835,0.028382536285115136,0.057904456074797425,0.049654577237046534,1.0789922078777157,0.9821410328349955,0.03081217375745744,2.528446707160069,0.04536862003780718,0.026234567901233574,0.02083333333333156
s7_045,7,3|6|7|8|9|11|15,462.9100498862757,1000.0,0.0006983426888465275,0.0019944942441190564,0.016827788648005198,0.017505669022688665,0.02059375865742536,0.02583020139545148,0.07094964289453952,0.034419083143282576,0.4101163182898718,0.5916727785844377,0.05032194236739581,2.499382914981639,0.09523809523809525,0.0348943985307606,0.020833333333331563
s7_046,7,1|5|9|10|13|14|15,349.92710611188255,1000.0,0.0004178480477087275,0.0015045037533781905,0.02676921331154864,0.02745169944704944,0.0628059667648985,0.026866640967368887,0.056054677970470645,0.042541103950962826,0.9556998911135529,0.869915529774553,0.03720671801449509,2.5011825090874646,0.06648199445983378,0.026234567901233574,0.018903591682417908
s7_047,7,0|4|5|8|11|14|15,416.4965639175215,1000.0,0.0008330312392332566,0.0020035032531280656,0.02397351919131051,0.024420976338131447,0.07242297471284166,0.027756120229435823,0.055417849132242916,0.04620975617754937,1.0789922078777157,0.9821410328349955,0.04171806047727348,2.413149450085088,0.08499999999999999,0.027757487216945688,0.01239669421487478
s7_048,7,1|3|5|6|8|12|14,377.9644730092272,1000.0,0.0006607112913689375,0.0020035032531280656,0.030056415654777024,0.0313617310043552,0.052278512717499906,0.018614432949354102,0.039098273251445693,0.031382193586823294,0.5982695885857061,0.8631205685672786,0.034244328330503886,2.5218801016908348,0.0634920634920635,0.02203856749311196,0.017202354006336185
s7_049,7,4|6|10|11|12|13|14,462.9100498862757,1000.0,0.0008012722446572025,0.0020035032531280656,0.021001681774454044,0.022005955665148288,0.061017475055742225,0.025056314850388433,0.03794077781541476,0.04041996497283741,0.7963116401759153,0.7248340915076734,0.050503121358735005,2.4936164724980747,0.09523809523809525,0.029411764705881104,0.02685950413222869
s8_000,8,0|3|4|5|7|11|12|14,414.578098794425,1000.0,0.0008240348538747528,0.0020035032531280656,0.026159450874255395,0.028024584073811278,0.0692445409782981,0.02520656788586912,0.037688703005554824,0.0402183271943064,0.9002560512699261,0.8194483718740679,0.043903188938762105,2.432725728961198,0.09090909090909091,0.023200475907197215,0.017599999999998197
s8_001,8,0|2|6|7|11|12|13|14,414.578098794425,1000.0,0.000833521218605207,0.0020035032531280656,0.02860432304260501,0.03052672252257472,0.05465371011699758,0.0321661328670351,0.06127486660258892,0.04800118062711625,0.9002560512699261,0.8194483718740679,0.04904799767773373,2.426526128986857,0.09090909090909091,0.019999999999999202,0.03623490212411109
s8_002,8,1|3|7|10|11|12|14|15,390.3123748998999,1000.0,0.0006790147445152969,0.0020035032531280656,0.027495683159746282,0.029365579293849135,0.055405862678021216,0.02784365930043599,0.06590280463581857,0.04325123540955985,0.9002560512699261,0.8194483718740679,0.03734164457426959,2.483983570255003,0.07372400756143667,0.0158730158730153,0.022427910288356803
s8_003,8,1|3|4|6|7|8|9|14,463.51240544347894,1000.0,0.0006966460998261685,0.0020035032531280656,0.02759053392534074,0.028274514615863923,0.05570499623523539,0.03329787370450186,0.03382169222777343,0.05197030829662471,0.9002560512699261,0.8194483718740679,0.037416197134439576,2.4663195141356105,0.088,0.012244897959183034,0.012003693444135712
s8_004,8,0|2|3|4|7|12|13|15,390.3123748998999,1000.0,0.0006186987758748128,0.0020035032531280656,0.024592097814612753,0.02685834918686872,0.05164305561497695,0.037380447108719406,0.07101338729337771,0.05840966814939037,0.9743147528702838,0.8868595071437653,0.04112167773415292,2.4890836031086954,0.07372400756143667,0.025641025641024565,0.02399999999999754
s8_005,8,1|4|5|6|8|9|11|15,390.3123748998999,1000.0,0.0006599978051230898,0.0019944942441190564,0.0235983666882697,0.024011563364624105,0.05409918551247235,0.0314572047538091,0.06428467967274201,0.05028160178525449,0.9002560512699261,0.8194483718740679,0.03891407965254017,2.4283575425858923,0.0624,0.03616042077580387,0.018181818181816644
s8_006,8,4|6|7|8|9|11|12|14,463.51240544347894,1000.0,0.0008327803443523986,0.0020035032531280656,0.01996635167664851,0.020058057377373394,0.04640862106309511,0.026974393124997276,0.03925576039000228,0.04191921883982346,0.7356219397613143,0.6695919455380727,0.043740132524916354,2.3931703677970746,0.088,0.022644265887508074,0.02057613168724099
s8_007,8,0|1|2|3|4|8|9|11,414.578098794425,1000.0,0.0007150304999114021,0.0020035032531280656,0.026264579771576535,0.027463299525517803,0.06417373622273384,0.03396709391278576,0.04428804319693096,0.05472590614097918,1.0397207708403078,0.9463946303575409,0.04853381944123608,2.4714467682076005,0.09090909090909091,0.030470914127422474,0.024221453287194848
s8_008,8,0|3|4|8|10|11|13|14,484.12291827592713,1000.0,0.0008078520853025016,0.0020035032531280656,0.02686333501978388,0.028060249536739607,0.069633434008079,0.024750598943182982,0.03422967177132673,0.03896221343719943,0.9002560512699261,0.8194483718740679,0.0587901983037449,2.4433756289451054,0.12396694214876033,0.03616042077580387,0.01624323198667049
s8_009,8,0|1|4|6|10|12|13|15,390.3123748998999,1000.0,0.0006242039384904754,0.0020035032531280656,0.028821055151144633,0.03115961110560565,0.055354271522864595,0.03290485392371268,0.06364326282046168,0.0524748639221385,1.0397207708403078,0.9463946303575409,0.03765871056241327,2.480904196264042,0.0624,0.029999999999998802,0.02057613168724099
s8_010,8,3|4|8|10|11|12|14|15,433.0127018922193,1000.0,0.0007516039773479786,0.0020035032531280656,0.023266706214443343,0.02396077994545571,0.053415056365699654,0.029595679178009537,0.06279880077129987,0.04651794956366664,0.9002560512699261,0.8194483718740679,0.041750608740227325,2.4454833651312446,0.08333333333333333,0.029999999999998802,0.011918492887349846
s8_011,8,1|3|4|5|7|8|10|11,414.578098794425,1000.0,0.0006569042566557017,0.0019944942441190564,0.020218977727731957,0.020138152170742322,0.05720721715104779,0.02404424212685051,0.03437864345961347,0.039339063439950445,0.7356219397613143,0.6695919455380727,0.038554963027896495,2.4543060745710803,0.0650887573964497,0.029999999999998802,0.02057613168724099
s8_012,8,0|2|4|8|9|12|13|15,390.3123748998999,1000.0,0.0006186987758748128,0.0020035032531280656,0.02501549139271905,0.026302592999774936,0.04965778807906811,0.037339348154877876,0.07094550861350163,0.0587707923572917,0.9743147528702838,0.8868595071437653,0.040598307229619116,2.4911906244460402,0.07372400756143667,0.030470914127422474,0.017599999999998197
s8_013,8,0|2|5|6|9|10|12|15,353.5533905932738,1000.0,0.0005626379284096377,0.0020035032531280656,0.023678438961582116,0.025353190593351272,0.04889972758642827,0.030603453287322814,0.07079570688864148,0.046338076229536035,0.9002560512699261,0.8194483718740679,0.03275011516769672,2.471879653537061,0.05555555555555555,0.024943310657595467,0.017751479289939146
s8_014,8,1|2|3|5|7|8|9|11,390.3123748998999,1000.0,0.0005994196466482133,0.0019944942441190564,0.021999147769750305,0.022130311303132866,0.050172688781143324,0.029196821483011073,0.05058911177085123,0.044686179128534634,0.7356219397613143,0.6695919455380727,0.04298361067300883,2.5120719339061703,0.07372400756143667,0.025641025641024565,0.029585798816565246
s8_015,8,2|3|5|6|7|9|11|13,414.578098794425,1000.0,0.0005993027923212114,0.0019944942441190564,0.013810140521726518,0.013741556879685713,0.029409919988771994,0.023654230342303382,0.049405003204774055,0.03385645347017405,0.3767701612580786,0.5435644432019651,0.05272666834550321,2.4755364396089496,0.09090909090909091,0.030470914127422474,0.03679999999999623
s8_016,8,0|1|5|8|9|12|14|15,330.7189138830738,1000.0,0.0006561791961564694,0.0020035032531280656,0.031835167866368905,0.03296761168592087,0.055797174668559865,0.029323207061114038,0.06666610214763627,0.046115812309109785,0.9743147528702838,0.8868595071437653,0.030695890477598093,2.5057535507497777,0.05785123966942149,0.023200475907197215,0.01103595585617557
s8_017,8,0|2|3|4|7|8|14|15,433.0127018922193,1000.0,0.0007828764931907377,0.0020035032531280656,0.02835970280323343,0.02933497340839904,0.052900496714385736,0.034346079274277734,0.07138072960565445,0.05495611622891932,1.0821955300388812,0.9850568223216115,0.04224194608809901,2.476532292096144,0.08333333333333333,0.025641025641024565,0.017751479289939146
s8_018,8,1|2|4|5|6|8|11|15,330.7189138830738,1000.0,0.0006534237881998452,0.0019944942441190564,0.021728355267890947,0.021917583779515602,0.06246218873522291,0.03272137798744136,0.067376378607756,0.05420174849812161,0.9743147528702838,0.8868595071437653,0.033181335282547166,2.3994244881842013,0.04142011834319527,0.029999999999998802,0.028123887504447418
s8_019,8,0|3|4|5|6|12|13|15,390.3123748998999,1000.0,0.0006228057987178954,0.0020035032531280656,0.024781348171498012,0.02710730715440967,0.045562216312839715,0.03214758986997931,0.06463650651002173,0.04858714491816071,0.9002560512699261,0.8194483718740679,0.0426514671415043,2.4554048176001997,0.07372400756143667,0.03616042077580387,0.018069973087272345
s8_020,8,1|3|5|7|11|12|13|14,347.9852726768764,1000.0,0.0006545607449855702,0.0020035032531280656,0.027259405338257964,0.028840258982000426,0.053375325302716305,0.015871909805163863,0.03813631753291084,0.0269457927182057,0.5623351446194262,0.8112781244600243,0.04023159486016498,2.466958062547064,0.07029478458049887,0.019999999999999202,0.030399999999996888
s8_021,8,0|2|4|5|8|10|14|15,390.3123748998999,1000.0,0.0007321200365781586,0.0020035032531280656,0.0222913978932405,0.02152775596396492,0.07218083627334365,0.02903215193142901,0.05322401445543875,0.04939870743354087,1.0821955300388812,0.9850568223216115,0.0330872678483151,2.460981025576145,0.0624,0.024943310657595467,0.011918492887349846
s8_022,8,0|1|2|5|7|10|11|13,390.3123748998999,1000.0,0.0006474709730349922,0.0020035032531280656,0.02332552128442797,0.024577335634717454,0.07175199064591416,0.027507414192164112,0.04274588375094195,0.04343669431349319,0.9002560512699261,0.8194483718740679,0.042429942307749845,2.48056951683139,0.07372400756143667,0.01676581936181662,0.03679999999999623
s8_023,8,0|1|3|5|10|13|14|15,347.9852726768764,1000.0,0.0004977591971593056,0.0015045037533781905,0.027498968872376683,0.02930757559950354,0.06861896072207788,0.02561109834057694,0.05278142678433516,0.040169081574943,0.9743147528702838,0.8868595071437653,0.03776935610845556,2.45387517773499,0.07029478458049887,0.024943310657595467,0.018069973087272345
s8_024,8,1|2|3|5|6|7|10|12,330.7189138830738,1000.0,0.0003989599883216029,0.001001834472940273,0.021598192937453346,0.022620812603690726,0.05132435225559292,0.028905816562536435,0.04933614180835487,0.04437000944636338,0.7356219397613143,0.6695919455380727,0.029161072826788797,2.4903621976097914,0.04142011834319527,0.019999999999999202,0.026063100137171922
s8_025,8,2|4|5|6|9|10|14|15,390.3123748998999,1000.0,0.0006069835894289498,0.0020035032531280656,0.021325259142556834,0.02150492654765747,0.06212790014760172,0.030237222604240672,0.05836013800580693,0.04974467403854773,0.9743147528702838,0.8868595071437653,0.03637731102408833,2.511179813880409,0.0624,0.029999999999998802,0.016731933072266187
s8_026,8,0|4|6|7|8|10|12|15,353.5533905932738,1000.0,0.000664830800790429,0.0020035032531280656,0.025120114699418362,0.026453729096129384,0.04630830208521721,0.03274702260332479,0.06822813336335966,0.04877832157447439,0.9002560512699261,0.8194483718740679,0.027006802721087755,2.4237963231262785,0.04081632653061224,0.029999999999998802,0.010204081632652228
s8_027,8,0|2|3|6|8|10|12|14,433.0127018922193,1000.0,0.0007534037291709566,0.0020035032531280656,0.028919334337783563,0.03041445216043928,0.05696453668825639,0.030354754838570704,0.05415005629321468,0.04550651477892455,0.9002560512699261,0.8194483718740679,0.04234811068721008,2.4722435212934846,0.08333333333333333,0.025641025641024565,0.018069973087272345
s8_028,8,0|1|2|3|4|5|11|12,330.7189138830738,1000.0,0.0006660565031865607,0.0020025027528779403,0.02315535688542829,0.025393365683718163,0.07713155260074615,0.03115310674944992,0.03857063780385589,0.0518035520899806,1.0397207708403078,0.9463946303575409,0.034652945869700906,2.4823159707230045,0.05785123966942149,0.023200475907197215,0.02290712203248402
s8_029,8,1|5|6|7|9|11|13|14,414.578098794425,1000.0,0.000706757259727159,0.0020035032531280656,0.027550549791366313,0.028735922789971047,0.0528989636479406,0.015647617608468986,0.03972670116092365,0.026270165286008236,0.5623351446194262,0.8112781244600243,0.050123327090217835,2.4844668057939523,0.09090909090909091,0.025641025641024565,0.03381986472053804
s8_030,8,0|4|5|6|9|12|14|15,390.3123748998999,1000.0,0.0007418233814057858,0.0020035032531280656,0.02831311783148136,0.0304431085361838,0.05490528456227464,0.03115327265471737,0.06384542352625874,0.04975980203811892,1.0397207708403078,0.9463946303575409,0.03825332113920368,2.454176477866508,0.07372400756143667,0.029999999999998802,0.01103595585617557
s8_031,8,1|2|4|5|7|10|14|15,330.7189138830738,1000.0,0.0006071407074205672,0.0020035032531280656,0.021033796309489865,0.020567014379982988,0.07512091112798418,0.03020395208124717,0.0516640394375385,0.05197772187497643,1.0821955300388812,0.9850568223216115,0.025956421967817184,2.5176039436697244,0.04142011834319527,0.0158730158730153,0.02057613168724099
s8_032,8,2|4|5|6|7|8|11|13,414.578098794425,1000.0,0.0006803217262621942,0.0019944942441190564,0.014197394428812515,0.013363032341962669,0.04737496714977538,0.03177380308554294,0.05333405920742455,0.047626517809148394,0.5623351446194262,0.8112781244600243,0.04402802840363734,2.404411450660334,0.0650887573964497,0.030470914127422474,0.03652441368703985
s8_033,8,0|4|6|7|8|11|12|15,414.578098794425,1000.0,0.0008329474095824968,0.0020035032531280656,0.02512446866718312,0.026583962808632816,0.045222660940680295,0.03387062626801245,0.0744610850226784,0.051143826214173835,0.9002560512699261,0.8194483718740679,0.038554963027896495,2.3665205856237224,0.0650887573964497,0.029999999999998802,0.02057613168724099
s8_034,8,0|1|4|7|8|9|12|13,433.0127018922193,1000.0,0.0006673702040589767,0.0020035032531280656,0.028123727678844832,0.02948464396243869,0.052633800559548125,0.03399725357498021,0.03445283529961987,0.05245212229805818,0.9002560512699261,0.8194483718740679,0.042184576969360794,2.472378046786431,0.08333333333333333,0.022644265887508074,0.02057613168724099
s8_035,8,0|1|5|6|7|9|11|12,390.3123748998999,1000.0,0.0007403334679233089,0.0020035032531280656,0.027783044674854176,0.02994345146013694,0.04970378646501395,0.015798073291975266,0.04285434299520793,0.02625840983760281,0.5623351446194262,0.8112781244600243,0.04099586120193527,2.452724749941839,0.07372400756143667,0.023200475907197215,0.026063100137171922
s8_036,8,0|4|8|9|10|11|12|14,463.51240544347894,1000.0,0.000843618336935582,0.0020035032531280656,0.02666939645438413,0.027621145164935468,0.06890305379593481,0.024991921929227633,0.0360483892619021,0.04036212362007616,0.9002560512699261,0.8194483718740679,0.048629415713552254,2.4393364189804467,0.10396975425330812,0.029999999999998802,0.011918492887349846
s8_037,8,3|4|5|6|8|12|13|15,390.3123748998999,1000.0,0.00046903103174460024,0.001001834472940273,0.016784661030653555,0.01725240491660356,0.035098423405814684,0.031935076288912234,0.061011596806644565,0.04663149195850991,0.5623351446194262,0.8112781244600243,0.038161036072053685,2.4327335749000105,0.0624,0.03433162892622192,0.017751479289939146
s8_038,8,3|5|8|9|12|13|14|15,347.9852726768764,1000.0,0.0005472834917228568,0.0020035032531280656,0.025279698071043823,0.026214856778225486,0.0346313960614366,0.02720919239387403,0.06488474517744197,0.03882420041213784,0.7356219397613143,0.6695919455380727,0.03732189956930673,2.4878411124378417,0.07029478458049887,0.030470914127422474,0.011199999999998853
s8_039,8,0|2|5|9|10|13|14|15,347.9852726768764,1000.0,0.000524845315420487,0.0015045037533781905,0.024559004717628525,0.025443078453054692,0.06283678500938805,0.02934341877439357,0.05805390353046999,0.046205963441561096,1.0397207708403078,0.9463946303575409,0.037160442408254946,2.4824018074783494,0.07029478458049887,0.024943310657595467,0.01624323198667049
s8_040,8,4|5|7|10|12|13|14|15,390.3123748998999,1000.0,0.0006239872755504952,0.0020035032531280656,0.02314437772292946,0.02375257394272255,0.054411534380632495,0.030050717369150142,0.0612671645724173,0.04675692954582472,0.9002560512699261,0.8194483718740679,0.03445065173237879,2.460727633624239,0.0624,0.023200475907197215,0.017751479289939146
s8_041,8,0|2|6|9|11|12|14|15,347.9852726768764,1000.0,0.000744336892277239,0.0020035032531280656,0.02768706669715247,0.030198702593086026,0.05131363020694023,0.03312195387269481,0.07637538652174544,0.052396063790929065,1.0397207708403078,0.9463946303575409,0.039165086829231206,2.4400531831054475,0.07029478458049887,0.023200475907197215,0.02399999999999754
s8_042,8,0|2|3|4|5|7|11|14,414.578098794425,1000.0,0.000794942828951782,0.0020035032531280656,0.023640864253063817,0.02508967585441457,0.07752602206459885,0.03028644654990871,0.04093971997093476,0.04862389945110639,1.0397207708403078,0.9463946303575409,0.04567222961625739,2.457048871489248,0.09090909090909091,0.023200475907197215,0.02290712203248402
s8_043,8,1|2|4|6|8|11|14|15,390.3123748998999,1000.0,0.0007812878090312373,0.0020035032531280656,0.025314204203000897,0.025898364100297364,0.059330734475262784,0.032472147479385434,0.06893257892067318,0.0549152791712648,1.0821955300388812,0.9850568223216115,0.038721637715157325,2.4235265064230336,0.0624,0.025641025641024565,0.028123887504447418
s8_044,8,1|5|6|8|9|10|12|14,390.3123748998999,1000.0,0.0006241333207864116,0.0020035032531280656,0.027592776499971293,0.02834373186699428,0.05426596771910331,0.01592674466301727,0.036236704565730735,0.027649838927924546,0.5623351446194262,0.8112781244600243,0.033644529208164846,2.5194704103356957,0.0624,0.025641025641024565,0.012892561983469983
s8_045,8,0|4|6|9|12|13|14|15,414.578098794425,1000.0,0.0007418324476267234,0.0020035032531280656,0.03011543130688032,0.03274084892437791,0.048912181092095414,0.034872774934216755,0.0665100618647542,0.05468797858022663,1.0397207708403078,0.9463946303575409,0.046377161442150844,2.480297282780501,0.09090909090909091,0.030470914127422474,0.017751479289939146
s8_046,8,0|2|3|5|6|8|10|11,433.0127018922193,1000.0,0.0007305153927893068,0.0020035032531280656,0.021451267318721098,0.022361741737690306,0.049855760334961946,0.02407156139226209,0.05166342658940817,0.036204966288516105,0.7356219397613143,0.6695919455380727,0.04668398440081838,2.4690797409399567,0.08333333333333333,0.03271861986912428,0.02399999999999754
s8_047,8,4|5|6|7|9|10|11|12,414.578098794425,1000.0,0.0006540197753931455,0.0019944942441190564,0.011904529201899425,0.012093295562631855,0.0338814938225173,0.017953055986312083,0.035252334934664384,0.028540386370831887,0.3767701612580786,0.5435644432019651,0.038554963027896495,2.4654891410627826,0.0650887573964497,0.029999999999998802,0.02057613168724099
s8_048,8,0|1|3|5|6|8|9|10,433.0127018922193,1000.0,0.0006099661714580961,0.0020035032531280656,0.02832788248349483,0.029804096841452046,0.05101221280595822,0.014832492731099434,0.03405293211060645,0.024344034531574917,0.5623351446194262,0.8112781244600243,0.04412877203086907,2.517922411566496,0.08333333333333333,0.03616042077580387,0.012892561983469983
s8_049,8,0|3|5|7|10|12|14|15,390.3123748998999,1000.0,0.0006806886675660168,0.0020035032531280656,0.02815421973736764,0.030091308580675658,0.05314737681628372,0.025568693729489035,0.06500334604466707,0.03810132266076874,0.9002560512699261,0.8194483718740679,0.03410804881662646,2.450460368318415,0.07372400756143667,0.01676581936181662,0.011834319526626098
