n,d,r,type,seed_train,seed_val,seed_test,num_nodes_train,num_nodes_val,num_nodes_test,num_edges_train,num_edges_val,num_edges_test
2000,4,2.0,barabasi,750667099,1592444925,977647050,2000,2000,2000,3996,3996,3996
2000,4,2.0,random,1309688560,961740746,1228438611,2000,2000,2000,3996,4000,4000
2000,4,2.0,watts,1891045144,1635625654,2121502398,2000,2000,2000,4000,4000,4000
2000,4,3.0,barabasi,313379128,811878625,134292054,2000,2000,2000,3996,3996,3996
2000,4,3.0,random,13291273,657556580,217189079,2000,2000,1999,4000,3996,4000
2000,4,3.0,watts,6645689,1663498278,1317407378,2000,2000,2000,4000,4000,4000
2000,4,4.0,barabasi,1203811010,1159106630,1711439880,2000,2000,2000,3996,3996,3996
2000,4,4.0,random,452510427,1699815034,606040679,2000,2000,2000,3996,3996,4000
2000,4,4.0,watts,1219851085,829281613,1672026411,2000,2000,2000,4000,4000,4000
2000,6,2.0,barabasi,376379761,2062681820,315629579,2000,2000,2000,5991,5991,5991
2000,6,2.0,random,417393489,901362413,1212298834,2000,2000,2000,5991,6000,6000
2000,6,2.0,watts,1153077670,63100748,1293817381,2000,2000,2000,6000,6000,6000
2000,6,3.0,barabasi,1604113019,968498380,915254076,2000,2000,2000,5991,5991,5991
2000,6,3.0,random,1983821442,208018623,941743502,2000,2000,2000,6000,5991,6000
2000,6,3.0,watts,1145774120,1337366463,1200152530,2000,2000,2000,6000,6000,6000
2000,6,4.0,barabasi,1667638714,1032728933,1672462534,2000,2000,2000,5991,5991,5991
2000,6,4.0,random,1380259343,1199296322,1410730567,2000,2000,2000,5991,5991,6000
2000,6,4.0,watts,1176805802,526588710,666447466,2000,2000,2000,6000,6000,6000
2000,8,2.0,barabasi,1820524429,1716379607,480385816,2000,2000,2000,7984,7984,7984
2000,8,2.0,random,736874913,470608439,617199446,2000,2000,2000,7984,8000,7984
2000,8,2.0,watts,1731774866,2099657671,1993528250,2000,2000,2000,8000,8000,8000
2000,8,3.0,barabasi,851345440,1449190075,1043022386,2000,2000,2000,7984,7984,7984
2000,8,3.0,random,1101009868,1805324370,633962795,2000,2000,2000,8000,7984,7984
2000,8,3.0,watts,452873835,820079580,1429450539,2000,2000,2000,8000,8000,8000
2000,8,4.0,barabasi,739657139,29955493,1868503954,2000,2000,2000,7984,7984,7984
2000,8,4.0,random,1801063299,55477474,1810203092,2000,2000,2000,7984,8000,8000
2000,8,4.0,watts,258678279,1621856635,1668753954,2000,2000,2000,8000,8000,8000
4000,4,2.0,barabasi,2113153324,1188606654,720964919,4000,4000,4000,7996,7996,7996
4000,4,2.0,random,425091582,1413638123,1400114304,4000,4000,4000,8000,7996,8000
4000,4,2.0,watts,252788684,2060608577,1942242060,4000,4000,4000,8000,8000,8000
4000,4,3.0,barabasi,944345932,608924979,365876974,4000,4000,4000,7996,7996,7996
4000,4,3.0,random,1625545201,629806134,914516485,4000,4000,4000,8000,7996,8000
4000,4,3.0,watts,1185280282,1084426926,1930927700,4000,4000,4000,8000,8000,8000
4000,4,4.0,barabasi,2134505285,2035981669,1982687427,4000,4000,4000,7996,7996,7996
4000,4,4.0,random,1885468952,1115213142,62525145,4000,4000,4000,7996,7996,7996
4000,4,4.0,watts,111531688,442451628,1235748891,4000,4000,4000,8000,8000,8000
4000,6,2.0,barabasi,638869693,1825526616,1568380667,4000,4000,4000,11991,11991,11991
4000,6,2.0,random,417070120,1900691068,1891208905,4000,4000,4000,11991,11991,12000
4000,6,2.0,watts,1146980474,1886913890,574758847,4000,4000,4000,12000,12000,12000
4000,6,3.0,barabasi,1793549099,1072789822,1624490097,4000,4000,4000,11991,11991,11991
4000,6,3.0,random,450630531,1042758428,66554620,4000,4000,4000,12000,11991,12000
4000,6,3.0,watts,1682863535,1109057947,1500358507,4000,4000,4000,12000,12000,12000
4000,6,4.0,barabasi,384604043,1245818488,1076251593,4000,4000,4000,11991,11991,11991
4000,6,4.0,random,1805255029,2068896598,471200460,4000,4000,4000,11991,12000,12000
4000,6,4.0,watts,1201961015,475786144,352222865,4000,4000,4000,12000,12000,12000
4000,8,2.0,barabasi,2049977717,711515460,63931040,4000,4000,4000,15984,15984,15984
4000,8,2.0,random,1625532020,312636475,1433797573,4000,4000,4000,16000,15984,16000
4000,8,2.0,watts,1178355188,1668405138,1164836328,4000,4000,4000,16000,16000,16000
4000,8,3.0,barabasi,183327232,1495427411,1165870188,4000,4000,4000,15984,15984,15984
4000,8,3.0,random,1668180610,1444734031,505636611,4000,4000,4000,15984,16000,16000
4000,8,3.0,watts,1440334572,2053280431,634593370,4000,4000,4000,16000,16000,16000
4000,8,4.0,barabasi,1443489489,897734635,515470033,4000,4000,4000,15984,15984,15984
4000,8,4.0,random,208822451,1143632251,648946157,4000,4000,4000,16000,15984,15984
4000,8,4.0,watts,169052934,965378503,1063973847,4000,4000,4000,16000,16000,16000
6000,4,2.0,barabasi,1941520222,2092255759,989433673,6000,6000,6000,11996,11996,11996
6000,4,2.0,random,915528121,2079898429,135615229,6000,6000,6000,11996,11996,11996
6000,4,2.0,watts,1212532905,893534128,1178987867,6000,6000,6000,12000,12000,12000
6000,4,3.0,barabasi,721021646,436763858,462175207,6000,6000,6000,11996,11996,11996
6000,4,3.0,random,383246741,633697070,2005422694,6000,6000,6000,12000,12000,11996
6000,4,3.0,watts,1896394268,1514882554,301251401,6000,6000,6000,12000,12000,12000
6000,4,4.0,barabasi,1446958352,87798009,1065975167,6000,6000,6000,11996,11996,11996
6000,4,4.0,random,1084847109,1197615002,2109479065,6000,6000,6000,11996,11996,11996
6000,4,4.0,watts,698688200,1491474171,1346507625,6000,6000,6000,12000,12000,12000
6000,6,2.0,barabasi,1727383078,1393819845,1180458989,6000,6000,6000,17991,17991,17991
6000,6,2.0,random,453339286,341033556,268947417,6000,6000,6000,18000,18000,17991
6000,6,2.0,watts,1209878775,1952372776,481769139,6000,6000,6000,18000,18000,18000
6000,6,3.0,barabasi,188155420,374430543,373763032,6000,6000,6000,17991,17991,17991
6000,6,3.0,random,1944156436,1079781950,1730596126,6000,6000,6000,17991,18000,18000
6000,6,3.0,watts,1342831014,1111387987,1490097699,6000,6000,6000,18000,18000,18000
6000,6,4.0,barabasi,387907735,2124657618,274615554,6000,6000,6000,17991,17991,17991
6000,6,4.0,random,1615401538,29590281,244947653,6000,6000,6000,18000,18000,18000
6000,6,4.0,watts,190130728,2109145429,527006224,6000,6000,6000,18000,18000,18000
6000,8,2.0,barabasi,183040687,382010929,508839317,6000,6000,6000,23984,23984,23984
6000,8,2.0,random,1325049889,1935594019,1538906916,6000,6000,6000,23984,24000,23984
6000,8,2.0,watts,1102306608,2038767608,1295590975,6000,6000,6000,24000,24000,24000
6000,8,3.0,barabasi,1118128221,286671432,400493150,6000,6000,6000,23984,23984,23984
6000,8,3.0,random,134656485,1747953255,689869067,6000,6000,6000,23984,24000,24000
6000,8,3.0,watts,658014919,30079821,717967313,6000,6000,6000,24000,24000,24000
6000,8,4.0,barabasi,1133220905,24730747,1279094013,6000,6000,6000,23984,23984,23984
6000,8,4.0,random,989478335,1269535219,990318416,6000,6000,6000,23984,24000,24000
6000,8,4.0,watts,922632302,1786277170,498483286,6000,6000,6000,24000,24000,24000
8000,4,2.0,barabasi,223118886,262435543,1843771101,8000,8000,8000,15996,15996,15996
8000,4,2.0,random,347863210,1911750375,660930788,8000,8000,8000,15996,15996,16000
8000,4,2.0,watts,1718382135,2021727702,1818255994,8000,8000,8000,16000,16000,16000
8000,4,3.0,barabasi,169447864,1892651183,13865747,8000,8000,8000,15996,15996,15996
8000,4,3.0,random,3400718,1155482029,1827263716,8000,8000,8000,16000,15996,16000
8000,4,3.0,watts,1585181040,2045443751,2072880507,8000,8000,8000,16000,16000,16000
8000,4,4.0,barabasi,1524509343,1886373106,120937144,8000,8000,8000,15996,15996,15996
8000,4,4.0,random,294461251,271208559,612496151,8000,8000,8000,16000,16000,15996
8000,4,4.0,watts,1265857648,972963617,1543379322,8000,8000,8000,16000,16000,16000
8000,6,2.0,barabasi,1526656776,549353017,1492513866,8000,8000,8000,23991,23991,23991
8000,6,2.0,random,1495193788,122609020,611307027,8000,8000,8000,23991,23991,23991
8000,6,2.0,watts,720016295,1494911469,1545287318,8000,8000,8000,24000,24000,24000
8000,6,3.0,barabasi,1709024043,1996580790,194868429,8000,8000,8000,23991,23991,23991
8000,6,3.0,random,561619606,388469803,1814187245,8000,8000,8000,23991,23991,23991
8000,6,3.0,watts,1887314273,1782999282,222248811,8000,8000,8000,24000,24000,24000
8000,6,4.0,barabasi,1653187285,1545662005,1080119489,8000,8000,8000,23991,23991,23991
8000,6,4.0,random,966917257,528875978,2074080338,8000,8000,8000,24000,23991,23991
8000,6,4.0,watts,248797050,1935256340,782456947,8000,8000,8000,24000,24000,24000
8000,8,2.0,barabasi,1238288846,1102158120,600839690,8000,8000,8000,31984,31984,31984
8000,8,2.0,random,2054346944,243513644,1081147633,8000,8000,8000,31984,31984,32000
8000,8,2.0,watts,1787953434,2068400270,1189472082,8000,8000,8000,32000,32000,32000
8000,8,3.0,barabasi,255571918,1867379459,545712206,8000,8000,8000,31984,31984,31984
8000,8,3.0,random,1238683198,1401346652,755724138,8000,8000,8000,32000,32000,31984
8000,8,3.0,watts,1700342412,516867503,1711800560,8000,8000,8000,32000,32000,32000
8000,8,4.0,barabasi,96811486,1064175748,2034357816,8000,8000,8000,31984,31984,31984
8000,8,4.0,random,426148151,1170998112,1390800322,8000,8000,8000,31984,31984,32000
8000,8,4.0,watts,128894141,1170475798,1704344445,8000,8000,8000,32000,32000,32000
10000,4,2.0,barabasi,2036087498,774551810,1163283529,10000,10000,10000,19996,19996,19996
10000,4,2.0,random,56109567,1452540201,1637320554,10000,10000,10000,20000,19996,19996
10000,4,2.0,watts,1709252529,1286341424,365213038,10000,10000,10000,20000,20000,20000
10000,4,3.0,barabasi,1478182226,502219887,1018128448,10000,10000,10000,19996,19996,19996
10000,4,3.0,random,1127491638,1909565229,1955910660,10000,10000,10000,19996,19996,20000
10000,4,3.0,watts,221411035,2113829765,60764558,10000,10000,10000,20000,20000,20000
10000,4,4.0,barabasi,158414259,73726792,897111796,10000,10000,10000,19996,19996,19996
10000,4,4.0,random,95678795,353760986,1700975294,10000,10000,10000,20000,20000,19996
10000,4,4.0,watts,1190730600,91702623,1426641012,10000,10000,10000,20000,20000,20000
10000,6,2.0,barabasi,1418692124,362357896,370670602,10000,10000,10000,29991,29991,29991
10000,6,2.0,random,580710660,1005998212,879584663,10000,10000,10000,30000,29991,30000
10000,6,2.0,watts,177001916,633448033,994559144,10000,10000,10000,30000,30000,30000
10000,6,3.0,barabasi,1813289951,1774287052,1023958234,10000,10000,10000,29991,29991,29991
10000,6,3.0,random,1031288449,1304805122,827329502,10000,10000,10000,29991,29991,30000
10000,6,3.0,watts,935872686,1212139895,1460603766,10000,10000,10000,30000,30000,30000
10000,6,4.0,barabasi,264981363,287297432,1982393108,10000,10000,10000,29991,29991,29991
10000,6,4.0,random,431199449,535222827,1445605026,10000,10000,10000,29991,29991,29991
10000,6,4.0,watts,160309994,1841433445,1690555023,10000,10000,10000,30000,30000,30000
10000,8,2.0,barabasi,1646192173,1009947790,1934578173,10000,10000,10000,39984,39984,39984
10000,8,2.0,random,1148650222,919555802,1936241806,10000,10000,10000,40000,39984,39984
10000,8,2.0,watts,1930198943,561756471,764226971,10000,10000,10000,40000,40000,40000
10000,8,3.0,barabasi,276130916,1994543197,903923071,10000,10000,10000,39984,39984,39984
10000,8,3.0,random,506702970,278184865,4200478,10000,10000,10000,40000,40000,40000
10000,8,3.0,watts,1792508258,316550525,1315242309,10000,10000,10000,40000,40000,40000
10000,8,4.0,barabasi,1743538918,1550283903,742670632,10000,10000,10000,39984,39984,39984
10000,8,4.0,random,757611413,2027679632,1563839198,10000,10000,10000,39984,40000,40000
10000,8,4.0,watts,2125653758,515045295,384818951,10000,10000,10000,40000,40000,40000
12000,4,2.0,barabasi,1421878134,2032857351,254857187,12000,12000,12000,23996,23996,23996
12000,4,2.0,random,1155088606,1231614848,621878896,12000,12000,12000,23996,24000,23996
12000,4,2.0,watts,1918669388,702137852,289965478,12000,12000,12000,24000,24000,24000
12000,4,3.0,barabasi,582070522,1632961672,1983422880,12000,12000,12000,23996,23996,23996
12000,4,3.0,random,810547843,643785950,867134461,12000,12000,12000,23996,24000,23996
12000,4,3.0,watts,896879869,82521178,1002521067,12000,12000,12000,24000,24000,24000
12000,4,4.0,barabasi,1562873174,433172323,457520001,12000,12000,12000,23996,23996,23996
12000,4,4.0,random,1545634299,1153983529,60103659,12000,12000,12000,23996,23996,24000
12000,4,4.0,watts,763820917,2080881681,24720794,12000,12000,12000,24000,24000,24000
12000,6,2.0,barabasi,1704303275,445581195,1007418912,12000,12000,12000,35991,35991,35991
12000,6,2.0,random,1304445805,975432698,736153072,12000,12000,12000,36000,35991,35991
12000,6,2.0,watts,659860058,1959005842,555618171,12000,12000,12000,36000,36000,36000
12000,6,3.0,barabasi,972902164,1649860028,2024465509,12000,12000,12000,35991,35991,35991
12000,6,3.0,random,445655220,1962852428,1292372712,12000,12000,12000,35991,35991,35991
12000,6,3.0,watts,502951654,46880798,172463648,12000,12000,12000,36000,36000,36000
12000,6,4.0,barabasi,664233318,2088301062,459502206,12000,12000,12000,35991,35991,35991
12000,6,4.0,random,246915293,204291830,1690071167,12000,12000,12000,35991,35991,36000
12000,6,4.0,watts,1139449872,583590478,1294083648,12000,12000,12000,36000,36000,36000
12000,8,2.0,barabasi,532300561,425409365,2065132596,12000,12000,12000,47984,47984,47984
12000,8,2.0,random,1268094935,179349882,618501473,12000,12000,12000,48000,48000,48000
12000,8,2.0,watts,766194866,1528318748,462827762,12000,12000,12000,48000,48000,48000
12000,8,3.0,barabasi,1761388505,127034608,1158309535,12000,12000,12000,47984,47984,47984
12000,8,3.0,random,1002926583,303604414,982603879,12000,12000,12000,47984,47984,47984
12000,8,3.0,watts,160951084,879486866,1944085760,12000,12000,12000,48000,48000,48000
12000,8,4.0,barabasi,1814345015,1560889926,469902059,12000,12000,12000,47984,47984,47984
12000,8,4.0,random,303691923,1703430078,1955166305,12000,12000,12000,48000,47984,48000
12000,8,4.0,watts,2084248114,2023319952,178323675,12000,12000,12000,48000,48000,48000
