client_id,phase,local_epoch,train_loss,num_train_nodes,eval_loss,pair_acc,subset_acc,micro_f1,macro_f1,num_nodes,task,tp,fp,tn,fn,precision,recall,f1,pos_cnt,pos_rate
5,training,1,0.7065176963806152,1500.0,,,,,,,,,,,,,,,,
5,val,1,,,0.6943939924240112,0.4641904830932617,0.0,0.38927485887972213,0.28652494041155546,1500.0,,,,,,,,,,
5,val_task,1,,,,,,,,,cycle2,0.0,1500.0,0.0,0.0,0.0,0.0,0.0,0.0,0.0
5,val_task,1,,,,,,,,,cycle3,40.0,49.0,1343.0,68.0,0.449438202247191,0.37037037037037035,0.40609137055837563,108.0,0.07199999690055847
5,val_task,1,,,,,,,,,cycle4,341.0,1159.0,0.0,0.0,0.22733333333333333,1.0,0.3704508419337316,341.0,0.22733333706855774
5,val_task,1,,,,,,,,,cycle5,12.0,0.0,769.0,719.0,1.0,0.016415868673050615,0.03230148048452221,731.0,0.4873333275318146
5,val_task,1,,,,,,,,,cycle6,1062.0,438.0,0.0,0.0,0.708,1.0,0.82903981264637,1062.0,0.7080000042915344
5,val_task,1,,,,,,,,,scatter_gather,0.0,0.0,969.0,531.0,0.0,0.0,0.0,531.0,0.3540000021457672
5,val_task,1,,,,,,,,,biclique,338.0,1162.0,0.0,0.0,0.22533333333333333,1.0,0.367791077257889,338.0,0.2253333330154419
5,training,2,0.6776581406593323,1500.0,,,,,,,,,,,,,,,,
5,val,2,,,0.6912356019020081,0.4740952253341675,0.0,0.4102947458351132,0.32402292561473456,1500.0,,,,,,,,,,
5,val_task,2,,,,,,,,,cycle2,0.0,1476.0,24.0,0.0,0.0,0.0,0.0,0.0,0.0
5,val_task,2,,,,,,,,,cycle3,51.0,95.0,1297.0,57.0,0.3493150684931507,0.4722222222222222,0.40157480314960636,108.0,0.07199999690055847
5,val_task,2,,,,,,,,,cycle4,341.0,1159.0,0.0,0.0,0.22733333333333333,1.0,0.3704508419337316,341.0,0.22733333706855774
5,val_task,2,,,,,,,,,cycle5,129.0,2.0,767.0,602.0,0.9847328244274809,0.17647058823529413,0.29930394431554525,731.0,0.4873333275318146
5,val_task,2,,,,,,,,,cycle6,1062.0,438.0,0.0,0.0,0.708,1.0,0.82903981264637,1062.0,0.7080000042915344
5,val_task,2,,,,,,,,,scatter_gather,0.0,0.0,969.0,531.0,0.0,0.0,0.0,531.0,0.3540000021457672
5,val_task,2,,,,,,,,,biclique,338.0,1162.0,0.0,0.0,0.22533333333333333,1.0,0.367791077257889,338.0,0.2253333330154419
5,training,3,0.6616758108139038,1500.0,,,,,,,,,,,,,,,,
5,val,3,,,0.6868812441825867,0.4978095293045044,0.0,0.43730658414256746,0.35272367466795446,1500.0,,,,,,,,,,
5,val_task,3,,,,,,,,,cycle2,0.0,1345.0,155.0,0.0,0.0,0.0,0.0,0.0,0.0
5,val_task,3,,,,,,,,,cycle3,44.0,75.0,1317.0,64.0,0.3697478991596639,0.4074074074074074,0.3876651982378854,108.0,0.07199999690055847
5,val_task,3,,,,,,,,,cycle4,341.0,1159.0,0.0,0.0,0.22733333333333333,1.0,0.3704508419337316,341.0,0.22733333706855774
5,val_task,3,,,,,,,,,cycle5,264.0,32.0,737.0,467.0,0.8918918918918919,0.36114911080711354,0.5141187925998052,731.0,0.4873333275318146
5,val_task,3,,,,,,,,,cycle6,1062.0,438.0,0.0,0.0,0.708,1.0,0.82903981264637,1062.0,0.7080000042915344
5,val_task,3,,,,,,,,,scatter_gather,0.0,0.0,969.0,531.0,0.0,0.0,0.0,531.0,0.3540000021457672
5,val_task,3,,,,,,,,,biclique,338.0,1162.0,0.0,0.0,0.22533333333333333,1.0,0.367791077257889,338.0,0.2253333330154419
5,training,4,0.6498526334762573,1500.0,,,,,,,,,,,,,,,,
5,val,4,,,0.681451678276062,0.557523787021637,0.005333333276212215,0.4866298342541437,0.3771832707632087,1500.0,,,,,,,,,,
5,val_task,4,,,,,,,,,cycle2,0.0,819.0,681.0,0.0,0.0,0.0,0.0,0.0,0.0
5,val_task,4,,,,,,,,,cycle3,42.0,60.0,1332.0,66.0,0.4117647058823529,0.3888888888888889,0.39999999999999997,108.0,0.07199999690055847
5,val_task,4,,,,,,,,,cycle4,341.0,1159.0,0.0,0.0,0.22733333333333333,1.0,0.3704508419337316,341.0,0.22733333706855774
5,val_task,4,,,,,,,,,cycle5,417.0,109.0,660.0,314.0,0.7927756653992395,0.5704514363885089,0.6634844868735084,731.0,0.4873333275318146
5,val_task,4,,,,,,,,,cycle6,1062.0,438.0,0.0,0.0,0.708,1.0,0.82903981264637,1062.0,0.7080000042915344
5,val_task,4,,,,,,,,,scatter_gather,2.0,0.0,969.0,529.0,1.0,0.003766478342749529,0.007504690431519699,531.0,0.3540000021457672
5,val_task,4,,,,,,,,,biclique,338.0,1152.0,10.0,0.0,0.22684563758389262,1.0,0.36980306345733044,338.0,0.2253333330154419
5,training,5,0.6405250430107117,1500.0,,,,,,,,,,,,,,,,
5,val,5,,,0.6746634840965271,0.6040952205657959,0.02666666731238365,0.533811820118874,0.41294830455683496,1500.0,,,,,,,,,,
5,val_task,5,,,,,,,,,cycle2,0.0,465.0,1035.0,0.0,0.0,0.0,0.0,0.0,0.0
5,val_task,5,,,,,,,,,cycle3,41.0,57.0,1335.0,67.0,0.41836734693877553,0.37962962962962965,0.3980582524271845,108.0,0.07199999690055847
5,val_task,5,,,,,,,,,cycle4,341.0,1156.0,3.0,0.0,0.22778891115564462,1.0,0.3710554951033732,341.0,0.22733333706855774
5,val_task,5,,,,,,,,,cycle5,547.0,213.0,556.0,184.0,0.7197368421052631,0.7482900136798906,0.7337357478202549,731.0,0.4873333275318146
5,val_task,5,,,,,,,,,cycle6,1062.0,438.0,0.0,0.0,0.708,1.0,0.82903981264637,1062.0,0.7080000042915344
5,val_task,5,,,,,,,,,scatter_gather,52.0,0.0,969.0,479.0,1.0,0.09792843691148775,0.1783876500857633,531.0,0.3540000021457672
5,val_task,5,,,,,,,,,biclique,337.0,1097.0,65.0,1.0,0.23500697350069735,0.9970414201183432,0.3803611738148985,338.0,0.2253333330154419
5,training,6,0.6305017471313477,1500.0,,,,,,,,,,,,,,,,
5,val,6,,,0.6669518351554871,0.6352381110191345,0.04066666588187218,0.5711086226203809,0.4513769787547753,1500.0,,,,,,,,,,
5,val_task,6,,,,,,,,,cycle2,0.0,261.0,1239.0,0.0,0.0,0.0,0.0,0.0,0.0
5,val_task,6,,,,,,,,,cycle3,42.0,56.0,1336.0,66.0,0.42857142857142855,0.3888888888888889,0.4077669902912621,108.0,0.07199999690055847
5,val_task,6,,,,,,,,,cycle4,341.0,1121.0,38.0,0.0,0.2332421340629275,1.0,0.3782584581253466,341.0,0.22733333706855774
5,val_task,6,,,,,,,,,cycle5,628.0,329.0,440.0,103.0,0.6562173458725182,0.8590971272229823,0.7440758293838862,731.0,0.4873333275318146
5,val_task,6,,,,,,,,,cycle6,1062.0,438.0,0.0,0.0,0.708,1.0,0.82903981264637,1062.0,0.7080000042915344
5,val_task,6,,,,,,,,,scatter_gather,141.0,15.0,954.0,390.0,0.9038461538461539,0.2655367231638418,0.4104803493449781,531.0,0.3540000021457672
5,val_task,6,,,,,,,,,biclique,336.0,1049.0,113.0,2.0,0.24259927797833936,0.9940828402366864,0.3900174114915844,338.0,0.2253333330154419
5,training,7,0.6204496622085571,1500.0,,,,,,,,,,,,,,,,
5,val,7,,,0.6578365564346313,0.6453333497047424,0.052666667848825455,0.5897774840273188,0.4699248713478293,1500.0,,,,,,,,,,
5,val_task,7,,,,,,,,,cycle2,0.0,175.0,1325.0,0.0,0.0,0.0,0.0,0.0,0.0
5,val_task,7,,,,,,,,,cycle3,40.0,47.0,1345.0,68.0,0.45977011494252873,0.37037037037037035,0.41025641025641024,108.0,0.07199999690055847
5,val_task,7,,,,,,,,,cycle4,341.0,1082.0,77.0,0.0,0.23963457484188336,1.0,0.3866213151927438,341.0,0.22733333706855774
5,val_task,7,,,,,,,,,cycle5,679.0,446.0,323.0,52.0,0.6035555555555555,0.9288645690834473,0.7316810344827586,731.0,0.4873333275318146
5,val_task,7,,,,,,,,,cycle6,1062.0,438.0,0.0,0.0,0.708,1.0,0.82903981264637,1062.0,0.7080000042915344
5,val_task,7,,,,,,,,,scatter_gather,221.0,65.0,904.0,310.0,0.7727272727272727,0.416195856873823,0.5410036719706243,531.0,0.3540000021457672
5,val_task,7,,,,,,,,,biclique,334.0,1037.0,125.0,4.0,0.24361779722830051,0.9881656804733728,0.39087185488589815,338.0,0.2253333330154419
5,training,8,0.6102640628814697,1500.0,,,,,,,,,,,,,,,,
5,val,8,,,0.6472851037979126,0.6507619023323059,0.0573333315551281,0.6001526551084941,0.47322972268892455,1500.0,,,,,,,,,,
5,val_task,8,,,,,,,,,cycle2,0.0,103.0,1397.0,0.0,0.0,0.0,0.0,0.0,0.0
5,val_task,8,,,,,,,,,cycle3,36.0,41.0,1351.0,72.0,0.4675324675324675,0.3333333333333333,0.3891891891891892,108.0,0.07199999690055847
5,val_task,8,,,,,,,,,cycle4,341.0,1039.0,120.0,0.0,0.24710144927536232,1.0,0.39628123184195235,341.0,0.22733333706855774
5,val_task,8,,,,,,,,,cycle5,709.0,537.0,232.0,22.0,0.5690208667736758,0.9699042407660738,0.7172483560950936,731.0,0.4873333275318146
5,val_task,8,,,,,,,,,cycle6,1062.0,438.0,0.0,0.0,0.708,1.0,0.82903981264637,1062.0,0.7080000042915344
5,val_task,8,,,,,,,,,scatter_gather,270.0,115.0,854.0,261.0,0.7012987012987013,0.5084745762711864,0.5895196506550218,531.0,0.3540000021457672
5,val_task,8,,,,,,,,,biclique,334.0,1035.0,127.0,4.0,0.24397370343316288,0.9881656804733728,0.3913298183948447,338.0,0.2253333330154419
5,training,9,0.6007435917854309,1500.0,,,,,,,,,,,,,,,,
5,val,9,,,0.6358638405799866,0.6570476293563843,0.05999999865889549,0.6077769306175799,0.4738507150507894,1500.0,,,,,,,,,,
5,val_task,9,,,,,,,,,cycle2,0.0,46.0,1454.0,0.0,0.0,0.0,0.0,0.0,0.0
5,val_task,9,,,,,,,,,cycle3,33.0,36.0,1356.0,75.0,0.4782608695652174,0.3055555555555556,0.3728813559322034,108.0,0.07199999690055847
5,val_task,9,,,,,,,,,cycle4,341.0,1004.0,155.0,0.0,0.25353159851301116,1.0,0.40450771055753265,341.0,0.22733333706855774
5,val_task,9,,,,,,,,,cycle5,720.0,605.0,164.0,11.0,0.5433962264150943,0.9849521203830369,0.7003891050583657,731.0,0.4873333275318146
5,val_task,9,,,,,,,,,cycle6,1062.0,438.0,0.0,0.0,0.708,1.0,0.82903981264637,1062.0,0.7080000042915344
5,val_task,9,,,,,,,,,scatter_gather,300.0,152.0,817.0,231.0,0.6637168141592921,0.5649717514124294,0.6103763987792472,531.0,0.3540000021457672
5,val_task,9,,,,,,,,,biclique,334.0,999.0,163.0,4.0,0.25056264066016504,0.9881656804733728,0.3997606223818073,338.0,0.2253333330154419
5,training,10,0.590484619140625,1500.0,,,,,,,,,,,,,,,,
5,val,10,,,0.6226301193237305,0.673714280128479,0.06866666674613953,0.6217708103334069,0.48227409059181403,1500.0,,,,,,,,,,
5,val_task,10,,,,,,,,,cycle2,0.0,16.0,1484.0,0.0,0.0,0.0,0.0,0.0,0.0
5,val_task,10,,,,,,,,,cycle3,32.0,28.0,1364.0,76.0,0.5333333333333333,0.2962962962962963,0.38095238095238093,108.0,0.07199999690055847
5,val_task,10,,,,,,,,,cycle4,341.0,960.0,199.0,0.0,0.26210607225211374,1.0,0.41534713763702796,341.0,0.22733333706855774
5,val_task,10,,,,,,,,,cycle5,725.0,646.0,123.0,6.0,0.5288110867979577,0.9917920656634747,0.6898192197906756,731.0,0.4873333275318146
5,val_task,10,,,,,,,,,cycle6,1062.0,438.0,0.0,0.0,0.708,1.0,0.82903981264637,1062.0,0.7080000042915344
5,val_task,10,,,,,,,,,scatter_gather,334.0,184.0,785.0,197.0,0.6447876447876448,0.6290018832391714,0.6367969494756911,531.0,0.3540000021457672
5,val_task,10,,,,,,,,,biclique,322.0,859.0,303.0,16.0,0.2726502963590178,0.9526627218934911,0.42396313364055294,338.0,0.2253333330154419
5,training,11,0.581366240978241,1500.0,,,,,,,,,,,,,,,,
5,val,11,,,0.6079607605934143,0.6925714015960693,0.07599999755620956,0.6361587015329125,0.48967156423657715,1500.0,,,,,,,,,,
5,val_task,11,,,,,,,,,cycle2,0.0,1.0,1499.0,0.0,0.0,0.0,0.0,0.0,0.0
5,val_task,11,,,,,,,,,cycle3,31.0,21.0,1371.0,77.0,0.5961538461538461,0.28703703703703703,0.38749999999999996,108.0,0.07199999690055847
5,val_task,11,,,,,,,,,cycle4,341.0,919.0,240.0,0.0,0.2706349206349206,1.0,0.4259837601499063,341.0,0.22733333706855774
5,val_task,11,,,,,,,,,cycle5,727.0,676.0,93.0,4.0,0.5181753385602281,0.9945280437756497,0.6813495782567949,731.0,0.4873333275318146
5,val_task,11,,,,,,,,,cycle6,1062.0,438.0,0.0,0.0,0.708,1.0,0.82903981264637,1062.0,0.7080000042915344
5,val_task,11,,,,,,,,,scatter_gather,367.0,250.0,719.0,164.0,0.5948136142625607,0.6911487758945386,0.6393728222996515,531.0,0.3540000021457672
5,val_task,11,,,,,,,,,biclique,294.0,634.0,528.0,44.0,0.3168103448275862,0.8698224852071006,0.46445497630331756,338.0,0.2253333330154419
5,training,12,0.5715634226799011,1500.0,,,,,,,,,,,,,,,,
5,val,12,,,0.5931895971298218,0.7070476412773132,0.0793333351612091,0.6480549199084669,0.49621278229893834,1500.0,,,,,,,,,,
5,val_task,12,,,,,,,,,cycle2,0.0,0.0,1500.0,0.0,0.0,0.0,0.0,0.0,0.0
5,val_task,12,,,,,,,,,cycle3,30.0,20.0,1372.0,78.0,0.6,0.2777777777777778,0.37974683544303794,108.0,0.07199999690055847
5,val_task,12,,,,,,,,,cycle4,340.0,876.0,283.0,1.0,0.27960526315789475,0.9970674486803519,0.43673731535003213,341.0,0.22733333706855774
5,val_task,12,,,,,,,,,cycle5,728.0,693.0,76.0,3.0,0.5123152709359606,0.9958960328317373,0.6765799256505577,731.0,0.4873333275318146
5,val_task,12,,,,,,,,,cycle6,1062.0,438.0,0.0,0.0,0.708,1.0,0.82903981264637,1062.0,0.7080000042915344
5,val_task,12,,,,,,,,,scatter_gather,406.0,306.0,663.0,125.0,0.5702247191011236,0.7645951035781544,0.6532582461786002,531.0,0.3540000021457672
5,val_task,12,,,,,,,,,biclique,266.0,464.0,698.0,72.0,0.3643835616438356,0.7869822485207101,0.49812734082397003,338.0,0.2253333330154419
5,training,13,0.5616914629936218,1500.0,,,,,,,,,,,,,,,,
5,val,13,,,0.5809197425842285,0.7168571352958679,0.08399999886751175,0.6568163453768902,0.5029439957821256,1500.0,,,,,,,,,,
5,val_task,13,,,,,,,,,cycle2,0.0,0.0,1500.0,0.0,0.0,0.0,0.0,0.0,0.0
5,val_task,13,,,,,,,,,cycle3,29.0,14.0,1378.0,79.0,0.6744186046511628,0.26851851851851855,0.38410596026490074,108.0,0.07199999690055847
5,val_task,13,,,,,,,,,cycle4,339.0,841.0,318.0,2.0,0.28728813559322036,0.9941348973607038,0.44575936883629197,341.0,0.22733333706855774
5,val_task,13,,,,,,,,,cycle5,728.0,692.0,77.0,3.0,0.5126760563380282,0.9958960328317373,0.6768944676894468,731.0,0.4873333275318146
5,val_task,13,,,,,,,,,cycle6,1062.0,438.0,0.0,0.0,0.708,1.0,0.82903981264637,1062.0,0.7080000042915344
5,val_task,13,,,,,,,,,scatter_gather,438.0,373.0,596.0,93.0,0.5400739827373613,0.8248587570621468,0.6527570789865872,531.0,0.3540000021457672
5,val_task,13,,,,,,,,,biclique,249.0,349.0,813.0,89.0,0.41638795986622074,0.7366863905325444,0.532051282051282,338.0,0.2253333330154419
5,training,14,0.551838755607605,1500.0,,,,,,,,,,,,,,,,
5,val,14,,,0.5685644745826721,0.7233333587646484,0.08666666597127914,0.6620914272420612,0.5069144683660843,1500.0,,,,,,,,,,
5,val_task,14,,,,,,,,,cycle2,0.0,0.0,1500.0,0.0,0.0,0.0,0.0,0.0,0.0
5,val_task,14,,,,,,,,,cycle3,29.0,11.0,1381.0,79.0,0.725,0.26851851851851855,0.39189189189189194,108.0,0.07199999690055847
5,val_task,14,,,,,,,,,cycle4,336.0,803.0,356.0,5.0,0.29499561018437226,0.9853372434017595,0.454054054054054,341.0,0.22733333706855774
5,val_task,14,,,,,,,,,cycle5,729.0,690.0,79.0,2.0,0.5137420718816068,0.9972640218878249,0.6781395348837209,731.0,0.4873333275318146
5,val_task,14,,,,,,,,,cycle6,1062.0,437.0,1.0,0.0,0.7084723148765844,1.0,0.829363529871144,1062.0,0.7080000042915344
5,val_task,14,,,,,,,,,scatter_gather,467.0,447.0,522.0,64.0,0.5109409190371991,0.879472693032015,0.6463667820069203,531.0,0.3540000021457672
5,val_task,14,,,,,,,,,biclique,223.0,252.0,910.0,115.0,0.4694736842105263,0.6597633136094675,0.5485854858548586,338.0,0.2253333330154419
5,training,15,0.5409280061721802,1500.0,,,,,,,,,,,,,,,,
5,val,15,,,0.5568112730979919,0.7350476384162903,0.09133332967758179,0.6707692307692307,0.5124075307578019,1500.0,,,,,,,,,,
5,val_task,15,,,,,,,,,cycle2,0.0,0.0,1500.0,0.0,0.0,0.0,0.0,0.0,0.0
5,val_task,15,,,,,,,,,cycle3,28.0,8.0,1384.0,80.0,0.7777777777777778,0.25925925925925924,0.3888888888888889,108.0,0.07199999690055847
5,val_task,15,,,,,,,,,cycle4,332.0,740.0,419.0,9.0,0.30970149253731344,0.9736070381231672,0.4699221514508139,341.0,0.22733333706855774
5,val_task,15,,,,,,,,,cycle5,730.0,681.0,88.0,1.0,0.517363571934798,0.9986320109439124,0.6816059757236228,731.0,0.4873333275318146
5,val_task,15,,,,,,,,,cycle6,1062.0,435.0,3.0,0.0,0.7094188376753507,1.0,0.8300117233294256,1062.0,0.7080000042915344
5,val_task,15,,,,,,,,,scatter_gather,485.0,485.0,484.0,46.0,0.5,0.9133709981167608,0.6462358427714857,531.0,0.3540000021457672
5,val_task,15,,,,,,,,,biclique,197.0,156.0,1006.0,141.0,0.5580736543909348,0.5828402366863905,0.5701881331403762,338.0,0.2253333330154419
5,training,16,0.5300535559654236,1500.0,,,,,,,,,,,,,,,,
5,val,16,,,0.5448903441429138,0.7474285960197449,0.1066666692495346,0.6791676748124849,0.5118233559938058,1500.0,,,,,,,,,,
5,val_task,16,,,,,,,,,cycle2,0.0,0.0,1500.0,0.0,0.0,0.0,0.0,0.0,0.0
5,val_task,16,,,,,,,,,cycle3,24.0,6.0,1386.0,84.0,0.8,0.2222222222222222,0.3478260869565218,108.0,0.07199999690055847
5,val_task,16,,,,,,,,,cycle4,327.0,661.0,498.0,14.0,0.3309716599190283,0.9589442815249267,0.49209932279909707,341.0,0.22733333706855774
5,val_task,16,,,,,,,,,cycle5,728.0,658.0,111.0,3.0,0.5252525252525253,0.9958960328317373,0.6877657061880019,731.0,0.4873333275318146
5,val_task,16,,,,,,,,,cycle6,1062.0,430.0,8.0,0.0,0.7117962466487936,1.0,0.8316366483946751,1062.0,0.7080000042915344
5,val_task,16,,,,,,,,,scatter_gather,492.0,504.0,465.0,39.0,0.4939759036144578,0.9265536723163842,0.6444007858546168,531.0,0.3540000021457672
5,val_task,16,,,,,,,,,biclique,174.0,89.0,1073.0,164.0,0.6615969581749049,0.514792899408284,0.5790349417637272,338.0,0.2253333330154419
5,training,17,0.5210918188095093,1500.0,,,,,,,,,,,,,,,,
5,val,17,,,0.5334301590919495,0.7628571391105652,0.11599999666213989,0.690067214339059,0.5126459617681932,1500.0,,,,,,,,,,
5,val_task,17,,,,,,,,,cycle2,0.0,0.0,1500.0,0.0,0.0,0.0,0.0,0.0,0.0
5,val_task,17,,,,,,,,,cycle3,22.0,5.0,1387.0,86.0,0.8148148148148148,0.2037037037037037,0.32592592592592595,108.0,0.07199999690055847
5,val_task,17,,,,,,,,,cycle4,323.0,580.0,579.0,18.0,0.3576965669988926,0.9472140762463344,0.5192926045016077,341.0,0.22733333706855774
5,val_task,17,,,,,,,,,cycle5,727.0,621.0,148.0,4.0,0.5393175074183977,0.9945280437756497,0.6993746993746994,731.0,0.4873333275318146
5,val_task,17,,,,,,,,,cycle6,1062.0,424.0,14.0,0.0,0.7146702557200538,1.0,0.8335949764521192,1062.0,0.7080000042915344
5,val_task,17,,,,,,,,,scatter_gather,487.0,464.0,505.0,44.0,0.5120925341745531,0.9171374764595104,0.6572199730094468,531.0,0.3540000021457672
5,val_task,17,,,,,,,,,biclique,151.0,57.0,1105.0,187.0,0.7259615384615384,0.4467455621301775,0.5531135531135531,338.0,0.2253333330154419
5,training,18,0.5107727646827698,1500.0,,,,,,,,,,,,,,,,
5,val,18,,,0.521658182144165,0.772761881351471,0.12399999797344208,0.6958959979607443,0.5053616231238977,1500.0,,,,,,,,,,
5,val_task,18,,,,,,,,,cycle2,0.0,0.0,1500.0,0.0,0.0,0.0,0.0,0.0,0.0
5,val_task,18,,,,,,,,,cycle3,18.0,5.0,1387.0,90.0,0.782608695652174,0.16666666666666666,0.2748091603053435,108.0,0.07199999690055847
5,val_task,18,,,,,,,,,cycle4,313.0,511.0,648.0,28.0,0.37985436893203883,0.9178885630498533,0.5373390557939914,341.0,0.22733333706855774
5,val_task,18,,,,,,,,,cycle5,725.0,587.0,182.0,6.0,0.5525914634146342,0.9917920656634747,0.7097405775819874,731.0,0.4873333275318146
5,val_task,18,,,,,,,,,cycle6,1062.0,423.0,15.0,0.0,0.7151515151515152,1.0,0.8339222614840989,1062.0,0.7080000042915344
5,val_task,18,,,,,,,,,scatter_gather,481.0,446.0,523.0,50.0,0.5188781014023732,0.9058380414312618,0.6598079561042524,531.0,0.3540000021457672
5,val_task,18,,,,,,,,,biclique,131.0,33.0,1129.0,207.0,0.7987804878048781,0.3875739644970414,0.5219123505976094,338.0,0.2253333330154419
5,training,19,0.5000764727592468,1500.0,,,,,,,,,,,,,,,,
5,val,19,,,0.5093269944190979,0.7895237803459167,0.15133333206176758,0.709133982627007,0.507844040053869,1500.0,,,,,,,,,,
5,val_task,19,,,,,,,,,cycle2,0.0,0.0,1500.0,0.0,0.0,0.0,0.0,0.0,0.0
5,val_task,19,,,,,,,,,cycle3,17.0,3.0,1389.0,91.0,0.85,0.1574074074074074,0.26562500000000006,108.0,0.07199999690055847
5,val_task,19,,,,,,,,,cycle4,309.0,434.0,725.0,32.0,0.4158815612382234,0.906158357771261,0.5701107011070111,341.0,0.22733333706855774
5,val_task,19,,,,,,,,,cycle5,723.0,523.0,246.0,8.0,0.5802568218298555,0.9890560875512996,0.7314112291350531,731.0,0.4873333275318146
5,val_task,19,,,,,,,,,cycle6,1062.0,407.0,31.0,0.0,0.7229407760381211,1.0,0.8391939944685894,1062.0,0.7080000042915344
5,val_task,19,,,,,,,,,scatter_gather,469.0,403.0,566.0,62.0,0.5378440366972477,0.8832391713747646,0.668567355666429,531.0,0.3540000021457672
5,val_task,19,,,,,,,,,biclique,114.0,23.0,1139.0,224.0,0.8321167883211679,0.33727810650887574,0.48,338.0,0.2253333330154419
5,training,20,0.48964983224868774,1500.0,,,,,,,,,,,,,,,,
5,val,20,,,0.4985159933567047,0.8060952425003052,0.18266665935516357,0.7217058501913615,0.5096334926686826,1500.0,,,,,,,,,,
5,val_task,20,,,,,,,,,cycle2,0.0,0.0,1500.0,0.0,0.0,0.0,0.0,0.0,0.0
5,val_task,20,,,,,,,,,cycle3,15.0,2.0,1390.0,93.0,0.8823529411764706,0.1388888888888889,0.24000000000000005,108.0,0.07199999690055847
5,val_task,20,,,,,,,,,cycle4,301.0,372.0,787.0,40.0,0.4472511144130758,0.8826979472140762,0.5936883629191322,341.0,0.22733333706855774
5,val_task,20,,,,,,,,,cycle5,714.0,444.0,325.0,17.0,0.616580310880829,0.9767441860465116,0.7559555320275277,731.0,0.4873333275318146
5,val_task,20,,,,,,,,,cycle6,1062.0,378.0,60.0,0.0,0.7375,1.0,0.8489208633093526,1062.0,0.7080000042915344
5,val_task,20,,,,,,,,,scatter_gather,441.0,351.0,618.0,90.0,0.5568181818181818,0.8305084745762712,0.6666666666666666,531.0,0.3540000021457672
5,val_task,20,,,,,,,,,biclique,107.0,18.0,1144.0,231.0,0.856,0.3165680473372781,0.46220302375809935,338.0,0.2253333330154419
6,training,1,0.679756224155426,2000.0,,,,,,,,,,,,,,,,
6,val,1,,,0.6842511892318726,0.5403571724891663,0.0,0.1142463867859601,0.05430338123286401,2000.0,,,,,,,,,,
6,val_task,1,,,,,,,,,cycle2,0.0,0.0,2000.0,0.0,0.0,0.0,0.0,0.0,0.0
6,val_task,1,,,,,,,,,cycle3,48.0,1952.0,0.0,0.0,0.024,1.0,0.046875,48.0,0.024000000208616257
6,val_task,1,,,,,,,,,cycle4,122.0,1878.0,0.0,0.0,0.061,1.0,0.11498586239396796,122.0,0.061000000685453415
6,val_task,1,,,,,,,,,cycle5,245.0,1755.0,0.0,0.0,0.1225,1.0,0.21826280623608016,245.0,0.12250000238418579
6,val_task,1,,,,,,,,,cycle6,0.0,0.0,1495.0,505.0,0.0,0.0,0.0,505.0,0.2524999976158142
6,val_task,1,,,,,,,,,scatter_gather,0.0,0.0,1775.0,225.0,0.0,0.0,0.0,225.0,0.11249999701976776
6,val_task,1,,,,,,,,,biclique,0.0,0.0,1880.0,120.0,0.0,0.0,0.0,120.0,0.05999999865889549
6,training,2,0.6518483757972717,2000.0,,,,,,,,,,,,,,,,
6,val,2,,,0.6793556809425354,0.567642867565155,0.0005000000237487257,0.11905108426721,0.05949255715749547,2000.0,,,,,,,,,,
6,val_task,2,,,,,,,,,cycle2,0.0,0.0,2000.0,0.0,0.0,0.0,0.0,0.0,0.0
6,val_task,2,,,,,,,,,cycle3,48.0,1952.0,0.0,0.0,0.024,1.0,0.046875,48.0,0.024000000208616257
6,val_task,2,,,,,,,,,cycle4,113.0,1572.0,306.0,9.0,0.06706231454005934,0.9262295081967213,0.12506917542888765,122.0,0.061000000685453415
6,val_task,2,,,,,,,,,cycle5,243.0,1673.0,82.0,2.0,0.1268267223382046,0.9918367346938776,0.22489588153632578,245.0,0.12250000238418579
6,val_task,2,,,,,,,,,cycle6,5.0,0.0,1495.0,500.0,1.0,0.009900990099009901,0.0196078431372549,505.0,0.2524999976158142
6,val_task,2,,,,,,,,,scatter_gather,0.0,0.0,1775.0,225.0,0.0,0.0,0.0,225.0,0.11249999701976776
6,val_task,2,,,,,,,,,biclique,0.0,0.0,1880.0,120.0,0.0,0.0,0.0,120.0,0.05999999865889549
6,training,3,0.6296430230140686,2000.0,,,,,,,,,,,,,,,,
6,val,3,,,0.671766459941864,0.6069999933242798,0.001500000013038516,0.12887903736542114,0.07845149513512836,2000.0,,,,,,,,,,
6,val_task,3,,,,,,,,,cycle2,0.0,0.0,2000.0,0.0,0.0,0.0,0.0,0.0,0.0
6,val_task,3,,,,,,,,,cycle3,48.0,1952.0,0.0,0.0,0.024,1.0,0.046875,48.0,0.024000000208616257
6,val_task,3,,,,,,,,,cycle4,102.0,1299.0,579.0,20.0,0.0728051391862955,0.8360655737704918,0.13394615889691397,122.0,0.061000000685453415
6,val_task,3,,,,,,,,,cycle5,222.0,1393.0,362.0,23.0,0.13746130030959752,0.9061224489795918,0.23870967741935487,245.0,0.12250000238418579
6,val_task,3,,,,,,,,,cycle6,35.0,0.0,1495.0,470.0,1.0,0.06930693069306931,0.12962962962962962,505.0,0.2524999976158142
6,val_task,3,,,,,,,,,scatter_gather,0.0,0.0,1775.0,225.0,0.0,0.0,0.0,225.0,0.11249999701976776
6,val_task,3,,,,,,,,,biclique,0.0,0.0,1880.0,120.0,0.0,0.0,0.0,120.0,0.05999999865889549
6,training,4,0.6100210547447205,2000.0,,,,,,,,,,,,,,,,
6,val,4,,,0.6625704765319824,0.6380000114440918,0.001500000013038516,0.14449696151249156,0.11978158042263631,2000.0,,,,,,,,,,
6,val_task,4,,,,,,,,,cycle2,0.0,0.0,2000.0,0.0,0.0,0.0,0.0,0.0,0.0
6,val_task,4,,,,,,,,,cycle3,48.0,1952.0,0.0,0.0,0.024,1.0,0.046875,48.0,0.024000000208616257
6,val_task,4,,,,,,,,,cycle4,91.0,999.0,879.0,31.0,0.0834862385321101,0.7459016393442623,0.15016501650165018,122.0,0.061000000685453415
6,val_task,4,,,,,,,,,cycle5,217.0,1276.0,479.0,28.0,0.14534494306764903,0.8857142857142857,0.24971231300345226,245.0,0.12250000238418579
6,val_task,4,,,,,,,,,cycle6,60.0,3.0,1492.0,445.0,0.9523809523809523,0.1188118811881188,0.21126760563380284,505.0,0.2524999976158142
6,val_task,4,,,,,,,,,scatter_gather,0.0,0.0,1775.0,225.0,0.0,0.0,0.0,225.0,0.11249999701976776
6,val_task,4,,,,,,,,,biclique,12.0,1.0,1879.0,108.0,0.9230769230769231,0.1,0.18045112781954886,120.0,0.05999999865889549
6,training,5,0.5940686464309692,2000.0,,,,,,,,,,,,,,,,
6,val,5,,,0.650693416595459,0.7234285473823547,0.02199999988079071,0.19333333333333333,0.1840050533497338,2000.0,,,,,,,,,,
6,val_task,5,,,,,,,,,cycle2,0.0,0.0,2000.0,0.0,0.0,0.0,0.0,0.0,0.0
6,val_task,5,,,,,,,,,cycle3,48.0,1848.0,104.0,0.0,0.02531645569620253,1.0,0.04938271604938272,48.0,0.024000000208616257
6,val_task,5,,,,,,,,,cycle4,85.0,443.0,1435.0,37.0,0.16098484848484848,0.6967213114754098,0.26153846153846155,122.0,0.061000000685453415
6,val_task,5,,,,,,,,,cycle5,213.0,772.0,983.0,32.0,0.216243654822335,0.8693877551020408,0.3463414634146341,245.0,0.12250000238418579
6,val_task,5,,,,,,,,,cycle6,95.0,6.0,1489.0,410.0,0.9405940594059405,0.18811881188118812,0.3135313531353135,505.0,0.2524999976158142
6,val_task,5,,,,,,,,,scatter_gather,0.0,0.0,1775.0,225.0,0.0,0.0,0.0,225.0,0.11249999701976776
6,val_task,5,,,,,,,,,biclique,23.0,2.0,1878.0,97.0,0.92,0.19166666666666668,0.3172413793103448,120.0,0.05999999865889549
6,training,6,0.5789826512336731,2000.0,,,,,,,,,,,,,,,,
6,val,6,,,0.6355335116386414,0.7887856960296631,0.24650000035762787,0.22530783337699764,0.1974372892760221,2000.0,,,,,,,,,,
6,val_task,6,,,,,,,,,cycle2,0.0,0.0,2000.0,0.0,0.0,0.0,0.0,0.0,0.0
6,val_task,6,,,,,,,,,cycle3,46.0,1383.0,569.0,2.0,0.03219034289713086,0.9583333333333334,0.06228842247799594,48.0,0.024000000208616257
6,val_task,6,,,,,,,,,cycle4,40.0,253.0,1625.0,82.0,0.13651877133105803,0.32786885245901637,0.1927710843373494,122.0,0.061000000685453415
6,val_task,6,,,,,,,,,cycle5,204.0,464.0,1291.0,41.0,0.30538922155688625,0.8326530612244898,0.44687842278203727,245.0,0.12250000238418579
6,val_task,6,,,,,,,,,cycle6,117.0,19.0,1476.0,388.0,0.8602941176470589,0.2316831683168317,0.36505460218408736,505.0,0.2524999976158142
6,val_task,6,,,,,,,,,scatter_gather,0.0,0.0,1775.0,225.0,0.0,0.0,0.0,225.0,0.11249999701976776
6,val_task,6,,,,,,,,,biclique,23.0,3.0,1877.0,97.0,0.8846153846153846,0.19166666666666668,0.31506849315068497,120.0,0.05999999865889549
6,training,7,0.5658664107322693,2000.0,,,,,,,,,,,,,,,,
6,val,7,,,0.6171892881393433,0.8224999904632568,0.31349998712539673,0.25173140620295087,0.1955396159495384,2000.0,,,,,,,,,,
6,val_task,7,,,,,,,,,cycle2,0.0,0.0,2000.0,0.0,0.0,0.0,0.0,0.0,0.0
6,val_task,7,,,,,,,,,cycle3,45.0,1194.0,758.0,3.0,0.03631961259079903,0.9375,0.06993006993006992,48.0,0.024000000208616257
6,val_task,7,,,,,,,,,cycle4,7.0,60.0,1818.0,115.0,0.1044776119402985,0.05737704918032787,0.07407407407407407,122.0,0.061000000685453415
6,val_task,7,,,,,,,,,cycle5,193.0,350.0,1405.0,52.0,0.35543278084714547,0.7877551020408163,0.48984771573604063,245.0,0.12250000238418579
6,val_task,7,,,,,,,,,cycle6,152.0,32.0,1463.0,353.0,0.8260869565217391,0.300990099009901,0.4412191582002903,505.0,0.2524999976158142
6,val_task,7,,,,,,,,,scatter_gather,0.0,0.0,1775.0,225.0,0.0,0.0,0.0,225.0,0.11249999701976776
6,val_task,7,,,,,,,,,biclique,21.0,2.0,1878.0,99.0,0.9130434782608695,0.175,0.29370629370629375,120.0,0.05999999865889549
6,training,8,0.5522863268852234,2000.0,,,,,,,,,,,,,,,,
6,val,8,,,0.5967004299163818,0.8442857265472412,0.35350000858306885,0.27478376580172986,0.16996721341392754,2000.0,,,,,,,,,,
6,val_task,8,,,,,,,,,cycle2,0.0,0.0,2000.0,0.0,0.0,0.0,0.0,0.0,0.0
6,val_task,8,,,,,,,,,cycle3,43.0,1002.0,950.0,5.0,0.04114832535885168,0.8958333333333334,0.07868252516010979,48.0,0.024000000208616257
6,val_task,8,,,,,,,,,cycle4,1.0,7.0,1871.0,121.0,0.125,0.00819672131147541,0.015384615384615384,122.0,0.061000000685453415
6,val_task,8,,,,,,,,,cycle5,173.0,269.0,1486.0,72.0,0.3914027149321267,0.7061224489795919,0.5036390101892285,245.0,0.12250000238418579
6,val_task,8,,,,,,,,,cycle6,191.0,50.0,1445.0,314.0,0.7925311203319502,0.3782178217821782,0.5120643431635389,505.0,0.2524999976158142
6,val_task,8,,,,,,,,,scatter_gather,0.0,0.0,1775.0,225.0,0.0,0.0,0.0,225.0,0.11249999701976776
6,val_task,8,,,,,,,,,biclique,5.0,0.0,1880.0,115.0,1.0,0.041666666666666664,0.07999999999999999,120.0,0.05999999865889549
6,training,9,0.5397903323173523,2000.0,,,,,,,,,,,,,,,,
6,val,9,,,0.5754265785217285,0.857785701751709,0.3799999952316284,0.2901960784313725,0.16117454289824254,2000.0,,,,,,,,,,
6,val_task,9,,,,,,,,,cycle2,0.0,0.0,2000.0,0.0,0.0,0.0,0.0,0.0,0.0
6,val_task,9,,,,,,,,,cycle3,24.0,848.0,1104.0,24.0,0.027522935779816515,0.5,0.05217391304347826,48.0,0.024000000208616257
6,val_task,9,,,,,,,,,cycle4,0.0,1.0,1877.0,122.0,0.0,0.0,0.0,122.0,0.061000000685453415
6,val_task,9,,,,,,,,,cycle5,161.0,217.0,1538.0,84.0,0.42592592592592593,0.6571428571428571,0.5168539325842697,245.0,0.12250000238418579
6,val_task,9,,,,,,,,,cycle6,222.0,67.0,1428.0,283.0,0.7681660899653979,0.4396039603960396,0.5591939546599497,505.0,0.2524999976158142
6,val_task,9,,,,,,,,,scatter_gather,0.0,0.0,1775.0,225.0,0.0,0.0,0.0,225.0,0.11249999701976776
6,val_task,9,,,,,,,,,biclique,0.0,0.0,1880.0,120.0,0.0,0.0,0.0,120.0,0.05999999865889549
6,training,10,0.5259348154067993,2000.0,,,,,,,,,,,,,,,,
6,val,10,,,0.5535215139389038,0.869785726070404,0.40149998664855957,0.3018000765990042,0.16034249264727027,2000.0,,,,,,,,,,
6,val_task,10,,,,,,,,,cycle2,0.0,0.0,2000.0,0.0,0.0,0.0,0.0,0.0,0.0
6,val_task,10,,,,,,,,,cycle3,7.0,695.0,1257.0,41.0,0.009971509971509971,0.14583333333333334,0.018666666666666665,48.0,0.024000000208616257
6,val_task,10,,,,,,,,,cycle4,0.0,0.0,1878.0,122.0,0.0,0.0,0.0,122.0,0.061000000685453415
6,val_task,10,,,,,,,,,cycle5,154.0,180.0,1575.0,91.0,0.46107784431137727,0.6285714285714286,0.531951640759931,245.0,0.12250000238418579
6,val_task,10,,,,,,,,,cycle6,233.0,77.0,1418.0,272.0,0.7516129032258064,0.4613861386138614,0.5717791411042944,505.0,0.2524999976158142
6,val_task,10,,,,,,,,,scatter_gather,0.0,0.0,1775.0,225.0,0.0,0.0,0.0,225.0,0.11249999701976776
6,val_task,10,,,,,,,,,biclique,0.0,0.0,1880.0,120.0,0.0,0.0,0.0,120.0,0.05999999865889549
6,training,11,0.5123512148857117,2000.0,,,,,,,,,,,,,,,,
6,val,11,,,0.531488835811615,0.8785714507102966,0.4259999990463257,0.3083807973962571,0.15865140147421508,2000.0,,,,,,,,,,
6,val_task,11,,,,,,,,,cycle2,0.0,0.0,2000.0,0.0,0.0,0.0,0.0,0.0,0.0
6,val_task,11,,,,,,,,,cycle3,1.0,591.0,1361.0,47.0,0.0016891891891891893,0.020833333333333332,0.003125,48.0,0.024000000208616257
6,val_task,11,,,,,,,,,cycle4,0.0,0.0,1878.0,122.0,0.0,0.0,0.0,122.0,0.061000000685453415
6,val_task,11,,,,,,,,,cycle5,138.0,140.0,1615.0,107.0,0.49640287769784175,0.563265306122449,0.5277246653919694,245.0,0.12250000238418579
6,val_task,11,,,,,,,,,cycle6,240.0,83.0,1412.0,265.0,0.7430340557275542,0.4752475247524752,0.5797101449275361,505.0,0.2524999976158142
6,val_task,11,,,,,,,,,scatter_gather,0.0,0.0,1775.0,225.0,0.0,0.0,0.0,225.0,0.11249999701976776
6,val_task,11,,,,,,,,,biclique,0.0,0.0,1880.0,120.0,0.0,0.0,0.0,120.0,0.05999999865889549
6,training,12,0.4990544319152832,2000.0,,,,,,,,,,,,,,,,
6,val,12,,,0.5097854137420654,0.8849285840988159,0.445499986410141,0.31300639658848617,0.1576896469651432,2000.0,,,,,,,,,,
6,val_task,12,,,,,,,,,cycle2,0.0,0.0,2000.0,0.0,0.0,0.0,0.0,0.0,0.0
6,val_task,12,,,,,,,,,cycle3,1.0,523.0,1429.0,47.0,0.0019083969465648854,0.020833333333333332,0.0034965034965034965,48.0,0.024000000208616257
6,val_task,12,,,,,,,,,cycle4,0.0,0.0,1878.0,122.0,0.0,0.0,0.0,122.0,0.061000000685453415
6,val_task,12,,,,,,,,,cycle5,120.0,102.0,1653.0,125.0,0.5405405405405406,0.4897959183673469,0.5139186295503212,245.0,0.12250000238418579
6,val_task,12,,,,,,,,,cycle6,246.0,88.0,1407.0,259.0,0.7365269461077845,0.4871287128712871,0.5864123957091776,505.0,0.2524999976158142
6,val_task,12,,,,,,,,,scatter_gather,0.0,0.0,1775.0,225.0,0.0,0.0,0.0,225.0,0.11249999701976776
6,val_task,12,,,,,,,,,biclique,0.0,0.0,1880.0,120.0,0.0,0.0,0.0,120.0,0.05999999865889549
6,training,13,0.48629671335220337,2000.0,,,,,,,,,,,,,,,,
6,val,13,,,0.48822781443595886,0.8937857151031494,0.49549999833106995,0.32562358276644,0.1557306766743341,2000.0,,,,,,,,,,
6,val_task,13,,,,,,,,,cycle2,0.0,0.0,2000.0,0.0,0.0,0.0,0.0,0.0,0.0
6,val_task,13,,,,,,,,,cycle3,1.0,404.0,1548.0,47.0,0.0024691358024691358,0.020833333333333332,0.004415011037527594,48.0,0.024000000208616257
6,val_task,13,,,,,,,,,cycle4,0.0,0.0,1878.0,122.0,0.0,0.0,0.0,122.0,0.061000000685453415
6,val_task,13,,,,,,,,,cycle5,108.0,80.0,1675.0,137.0,0.574468085106383,0.44081632653061226,0.4988452655889146,245.0,0.12250000238418579
6,val_task,13,,,,,,,,,cycle6,250.0,97.0,1398.0,255.0,0.7204610951008645,0.49504950495049505,0.5868544600938966,505.0,0.2524999976158142
6,val_task,13,,,,,,,,,scatter_gather,0.0,0.0,1775.0,225.0,0.0,0.0,0.0,225.0,0.11249999701976776
6,val_task,13,,,,,,,,,biclique,0.0,0.0,1880.0,120.0,0.0,0.0,0.0,120.0,0.05999999865889549
6,training,14,0.47274309396743774,2000.0,,,,,,,,,,,,,,,,
6,val,14,,,0.46692389249801636,0.9024999737739563,0.5460000038146973,0.3364122508507535,0.15292395483328128,2000.0,,,,,,,,,,
6,val_task,14,,,,,,,,,cycle2,0.0,0.0,2000.0,0.0,0.0,0.0,0.0,0.0,0.0
6,val_task,14,,,,,,,,,cycle3,1.0,295.0,1657.0,47.0,0.0033783783783783786,0.020833333333333332,0.005813953488372093,48.0,0.024000000208616257
6,val_task,14,,,,,,,,,cycle4,0.0,0.0,1878.0,122.0,0.0,0.0,0.0,122.0,0.061000000685453415
6,val_task,14,,,,,,,,,cycle5,93.0,54.0,1701.0,152.0,0.6326530612244898,0.3795918367346939,0.4744897959183673,245.0,0.12250000238418579
6,val_task,14,,,,,,,,,cycle6,252.0,97.0,1398.0,253.0,0.7220630372492837,0.499009900990099,0.5901639344262296,505.0,0.2524999976158142
6,val_task,14,,,,,,,,,scatter_gather,0.0,0.0,1775.0,225.0,0.0,0.0,0.0,225.0,0.11249999701976776
6,val_task,14,,,,,,,,,biclique,0.0,0.0,1880.0,120.0,0.0,0.0,0.0,120.0,0.05999999865889549
6,training,15,0.4590562880039215,2000.0,,,,,,,,,,,,,,,,
6,val,15,,,0.4471418559551239,0.9075714349746704,0.5759999752044678,0.3404689092762487,0.1462903296101911,2000.0,,,,,,,,,,
6,val_task,15,,,,,,,,,cycle2,0.0,0.0,2000.0,0.0,0.0,0.0,0.0,0.0,0.0
6,val_task,15,,,,,,,,,cycle3,0.0,219.0,1733.0,48.0,0.0,0.0,0.0,48.0,0.024000000208616257
6,val_task,15,,,,,,,,,cycle4,0.0,0.0,1878.0,122.0,0.0,0.0,0.0,122.0,0.061000000685453415
6,val_task,15,,,,,,,,,cycle5,80.0,46.0,1709.0,165.0,0.6349206349206349,0.32653061224489793,0.43126684636118595,245.0,0.12250000238418579
6,val_task,15,,,,,,,,,cycle6,254.0,98.0,1397.0,251.0,0.7215909090909091,0.502970297029703,0.5927654609101516,505.0,0.2524999976158142
6,val_task,15,,,,,,,,,scatter_gather,0.0,0.0,1775.0,225.0,0.0,0.0,0.0,225.0,0.11249999701976776
6,val_task,15,,,,,,,,,biclique,0.0,0.0,1880.0,120.0,0.0,0.0,0.0,120.0,0.05999999865889549
6,training,16,0.4454788267612457,2000.0,,,,,,,,,,,,,,,,
6,val,16,,,0.4293464422225952,0.9119285941123962,0.5954999923706055,0.34796404019037547,0.14564771060778883,2000.0,,,,,,,,,,
6,val_task,16,,,,,,,,,cycle2,0.0,0.0,2000.0,0.0,0.0,0.0,0.0,0.0,0.0
6,val_task,16,,,,,,,,,cycle3,0.0,165.0,1787.0,48.0,0.0,0.0,0.0,48.0,0.024000000208616257
6,val_task,16,,,,,,,,,cycle4,0.0,0.0,1878.0,122.0,0.0,0.0,0.0,122.0,0.061000000685453415
6,val_task,16,,,,,,,,,cycle5,77.0,39.0,1716.0,168.0,0.6637931034482759,0.3142857142857143,0.4265927977839335,245.0,0.12250000238418579
6,val_task,16,,,,,,,,,cycle6,252.0,93.0,1402.0,253.0,0.7304347826086957,0.499009900990099,0.5929411764705883,505.0,0.2524999976158142
6,val_task,16,,,,,,,,,scatter_gather,0.0,0.0,1775.0,225.0,0.0,0.0,0.0,225.0,0.11249999701976776
6,val_task,16,,,,,,,,,biclique,0.0,0.0,1880.0,120.0,0.0,0.0,0.0,120.0,0.05999999865889549
6,training,17,0.4318407475948334,2000.0,,,,,,,,,,,,,,,,
6,val,17,,,0.4127212464809418,0.9128571152687073,0.5985000133514404,0.34968017057569295,0.146966271840331,2000.0,,,,,,,,,,
6,val_task,17,,,,,,,,,cycle2,0.0,0.0,2000.0,0.0,0.0,0.0,0.0,0.0,0.0
6,val_task,17,,,,,,,,,cycle3,0.0,156.0,1796.0,48.0,0.0,0.0,0.0,48.0,0.024000000208616257
6,val_task,17,,,,,,,,,cycle4,0.0,0.0,1878.0,122.0,0.0,0.0,0.0,122.0,0.061000000685453415
6,val_task,17,,,,,,,,,cycle5,79.0,35.0,1720.0,166.0,0.6929824561403509,0.3224489795918367,0.4401114206128134,245.0,0.12250000238418579
6,val_task,17,,,,,,,,,cycle6,249.0,92.0,1403.0,256.0,0.7302052785923754,0.49306930693069306,0.5886524822695035,505.0,0.2524999976158142
6,val_task,17,,,,,,,,,scatter_gather,0.0,0.0,1775.0,225.0,0.0,0.0,0.0,225.0,0.11249999701976776
6,val_task,17,,,,,,,,,biclique,0.0,0.0,1880.0,120.0,0.0,0.0,0.0,120.0,0.05999999865889549
6,training,18,0.41799864172935486,2000.0,,,,,,,,,,,,,,,,
6,val,18,,,0.39518776535987854,0.9147142767906189,0.6085000038146973,0.34395604395604396,0.1430854259281509,2000.0,,,,,,,,,,
6,val_task,18,,,,,,,,,cycle2,0.0,0.0,2000.0,0.0,0.0,0.0,0.0,0.0,0.0
6,val_task,18,,,,,,,,,cycle3,0.0,137.0,1815.0,48.0,0.0,0.0,0.0,48.0,0.024000000208616257
6,val_task,18,,,,,,,,,cycle4,0.0,0.0,1878.0,122.0,0.0,0.0,0.0,122.0,0.061000000685453415
6,val_task,18,,,,,,,,,cycle5,72.0,31.0,1724.0,173.0,0.6990291262135923,0.2938775510204082,0.41379310344827586,245.0,0.12250000238418579
6,val_task,18,,,,,,,,,cycle6,241.0,74.0,1421.0,264.0,0.765079365079365,0.4772277227722772,0.5878048780487805,505.0,0.2524999976158142
6,val_task,18,,,,,,,,,scatter_gather,0.0,0.0,1775.0,225.0,0.0,0.0,0.0,225.0,0.11249999701976776
6,val_task,18,,,,,,,,,biclique,0.0,0.0,1880.0,120.0,0.0,0.0,0.0,120.0,0.05999999865889549
6,training,19,0.4028856158256531,2000.0,,,,,,,,,,,,,,,,
6,val,19,,,0.377549409866333,0.9190714359283447,0.6334999799728394,0.32839359810314167,0.13401546345339133,2000.0,,,,,,,,,,
6,val_task,19,,,,,,,,,cycle2,0.0,0.0,2000.0,0.0,0.0,0.0,0.0,0.0,0.0
6,val_task,19,,,,,,,,,cycle3,0.0,68.0,1884.0,48.0,0.0,0.0,0.0,48.0,0.024000000208616257
6,val_task,19,,,,,,,,,cycle4,0.0,0.0,1878.0,122.0,0.0,0.0,0.0,122.0,0.061000000685453415
6,val_task,19,,,,,,,,,cycle5,63.0,15.0,1740.0,182.0,0.8076923076923077,0.2571428571428571,0.3900928792569659,245.0,0.12250000238418579
6,val_task,19,,,,,,,,,cycle6,214.0,62.0,1433.0,291.0,0.7753623188405797,0.42376237623762375,0.5480153649167734,505.0,0.2524999976158142
6,val_task,19,,,,,,,,,scatter_gather,0.0,0.0,1775.0,225.0,0.0,0.0,0.0,225.0,0.11249999701976776
6,val_task,19,,,,,,,,,biclique,0.0,0.0,1880.0,120.0,0.0,0.0,0.0,120.0,0.05999999865889549
6,training,20,0.3888572156429291,2000.0,,,,,,,,,,,,,,,,
6,val,20,,,0.35907846689224243,0.923285722732544,0.6585000157356262,0.3053040103492885,0.12174097821467507,2000.0,,,,,,,,,,
6,val_task,20,,,,,,,,,cycle2,0.0,0.0,2000.0,0.0,0.0,0.0,0.0,0.0,0.0
6,val_task,20,,,,,,,,,cycle3,0.0,8.0,1944.0,48.0,0.0,0.0,0.0,48.0,0.024000000208616257
6,val_task,20,,,,,,,,,cycle4,0.0,0.0,1878.0,122.0,0.0,0.0,0.0,122.0,0.061000000685453415
6,val_task,20,,,,,,,,,cycle5,51.0,3.0,1752.0,194.0,0.9444444444444444,0.20816326530612245,0.34113712374581934,245.0,0.12250000238418579
6,val_task,20,,,,,,,,,cycle6,185.0,34.0,1461.0,320.0,0.8447488584474886,0.36633663366336633,0.511049723756906,505.0,0.2524999976158142
6,val_task,20,,,,,,,,,scatter_gather,0.0,0.0,1775.0,225.0,0.0,0.0,0.0,225.0,0.11249999701976776
6,val_task,20,,,,,,,,,biclique,0.0,0.0,1880.0,120.0,0.0,0.0,0.0,120.0,0.05999999865889549
9,training,1,0.7143699526786804,1000.0,,,,,,,,,,,,,,,,
9,val,1,,,0.7026470899581909,0.34314286708831787,0.007000000216066837,0.20090371915189434,0.19529938683157883,1000.0,,,,,,,,,,
9,val_task,1,,,,,,,,,cycle2,0.0,0.0,1000.0,0.0,0.0,0.0,0.0,0.0,0.0
9,val_task,1,,,,,,,,,cycle3,25.0,975.0,0.0,0.0,0.025,1.0,0.04878048780487806,25.0,0.02500000037252903
9,val_task,1,,,,,,,,,cycle4,73.0,927.0,0.0,0.0,0.073,1.0,0.13606710158434296,73.0,0.0729999989271164
9,val_task,1,,,,,,,,,cycle5,51.0,43.0,824.0,82.0,0.5425531914893617,0.38345864661654133,0.4493392070484581,133.0,0.13300000131130219
9,val_task,1,,,,,,,,,cycle6,233.0,767.0,0.0,0.0,0.233,1.0,0.3779399837793998,233.0,0.2329999953508377
9,val_task,1,,,,,,,,,scatter_gather,124.0,876.0,0.0,0.0,0.124,1.0,0.22064056939501778,124.0,0.12399999797344208
9,val_task,1,,,,,,,,,biclique,72.0,928.0,0.0,0.0,0.072,1.0,0.1343283582089552,72.0,0.07199999690055847
9,training,2,0.6872029900550842,1000.0,,,,,,,,,,,,,,,,
9,val,2,,,0.7002758383750916,0.33500000834465027,0.007000000216066837,0.20603786457444995,0.19641803839703534,1000.0,,,,,,,,,,
9,val_task,2,,,,,,,,,cycle2,0.0,0.0,1000.0,0.0,0.0,0.0,0.0,0.0,0.0
9,val_task,2,,,,,,,,,cycle3,25.0,975.0,0.0,0.0,0.025,1.0,0.04878048780487806,25.0,0.02500000037252903
9,val_task,2,,,,,,,,,cycle4,73.0,927.0,0.0,0.0,0.073,1.0,0.13606710158434296,73.0,0.0729999989271164
9,val_task,2,,,,,,,,,cycle5,77.0,127.0,740.0,56.0,0.37745098039215685,0.5789473684210527,0.456973293768546,133.0,0.13300000131130219
9,val_task,2,,,,,,,,,cycle6,233.0,767.0,0.0,0.0,0.233,1.0,0.3779399837793998,233.0,0.2329999953508377
9,val_task,2,,,,,,,,,scatter_gather,124.0,875.0,1.0,0.0,0.12412412412412413,1.0,0.22083704363312556,124.0,0.12399999797344208
9,val_task,2,,,,,,,,,biclique,72.0,928.0,0.0,0.0,0.072,1.0,0.1343283582089552,72.0,0.07199999690055847
9,training,3,0.6684868931770325,1000.0,,,,,,,,,,,,,,,,
9,val,3,,,0.6957817673683167,0.3344285786151886,0.007000000216066837,0.2064384261624936,0.19041357713943127,1000.0,,,,,,,,,,
9,val_task,3,,,,,,,,,cycle2,0.0,0.0,1000.0,0.0,0.0,0.0,0.0,0.0,0.0
9,val_task,3,,,,,,,,,cycle3,25.0,973.0,2.0,0.0,0.025050100200400802,1.0,0.04887585532746823,25.0,0.02500000037252903
9,val_task,3,,,,,,,,,cycle4,73.0,927.0,0.0,0.0,0.073,1.0,0.13606710158434296,73.0,0.0729999989271164
9,val_task,3,,,,,,,,,cycle5,85.0,194.0,673.0,48.0,0.3046594982078853,0.6390977443609023,0.41262135922330095,133.0,0.13300000131130219
9,val_task,3,,,,,,,,,cycle6,233.0,767.0,0.0,0.0,0.233,1.0,0.3779399837793998,233.0,0.2329999953508377
9,val_task,3,,,,,,,,,scatter_gather,118.0,816.0,60.0,6.0,0.12633832976445397,0.9516129032258065,0.223062381852552,124.0,0.12399999797344208
9,val_task,3,,,,,,,,,biclique,72.0,928.0,0.0,0.0,0.072,1.0,0.1343283582089552,72.0,0.07199999690055847
9,training,4,0.6537487506866455,1000.0,,,,,,,,,,,,,,,,
9,val,4,,,0.6898817420005798,0.39414286613464355,0.007000000216066837,0.21651579530759285,0.19607323618167957,1000.0,,,,,,,,,,
9,val_task,4,,,,,,,,,cycle2,0.0,0.0,1000.0,0.0,0.0,0.0,0.0,0.0,0.0
9,val_task,4,,,,,,,,,cycle3,25.0,809.0,166.0,0.0,0.02997601918465228,1.0,0.05820721769499418,25.0,0.02500000037252903
9,val_task,4,,,,,,,,,cycle4,73.0,927.0,0.0,0.0,0.073,1.0,0.13606710158434296,73.0,0.0729999989271164
9,val_task,4,,,,,,,,,cycle5,85.0,191.0,676.0,48.0,0.3079710144927536,0.6390977443609023,0.4156479217603911,133.0,0.13300000131130219
9,val_task,4,,,,,,,,,cycle6,233.0,767.0,0.0,0.0,0.233,1.0,0.3779399837793998,233.0,0.2329999953508377
9,val_task,4,,,,,,,,,scatter_gather,98.0,572.0,304.0,26.0,0.14626865671641792,0.7903225806451613,0.24685138539042822,124.0,0.12399999797344208
9,val_task,4,,,,,,,,,biclique,72.0,901.0,27.0,0.0,0.07399794450154162,1.0,0.13779904306220095,72.0,0.07199999690055847
9,training,5,0.6409269571304321,1000.0,,,,,,,,,,,,,,,,
9,val,5,,,0.6827965378761292,0.50128573179245,0.007000000216066837,0.2379393145601397,0.2095164919923003,1000.0,,,,,,,,,,
9,val_task,5,,,,,,,,,cycle2,0.0,0.0,1000.0,0.0,0.0,0.0,0.0,0.0,0.0
9,val_task,5,,,,,,,,,cycle3,21.0,500.0,475.0,4.0,0.04030710172744722,0.84,0.07692307692307693,25.0,0.02500000037252903
9,val_task,5,,,,,,,,,cycle4,73.0,927.0,0.0,0.0,0.073,1.0,0.13606710158434296,73.0,0.0729999989271164
9,val_task,5,,,,,,,,,cycle5,82.0,161.0,706.0,51.0,0.3374485596707819,0.6165413533834586,0.43617021276595747,133.0,0.13300000131130219
9,val_task,5,,,,,,,,,cycle6,233.0,767.0,0.0,0.0,0.233,1.0,0.3779399837793998,233.0,0.2329999953508377
9,val_task,5,,,,,,,,,scatter_gather,64.0,272.0,604.0,60.0,0.19047619047619047,0.5161290322580645,0.27826086956521734,124.0,0.12399999797344208
9,val_task,5,,,,,,,,,biclique,72.0,749.0,179.0,0.0,0.0876979293544458,1.0,0.1612541993281075,72.0,0.07199999690055847
9,training,6,0.6286675930023193,1000.0,,,,,,,,,,,,,,,,
9,val,6,,,0.6750600337982178,0.5842857360839844,0.009999999776482582,0.262544348707552,0.22391065044308062,1000.0,,,,,,,,,,
9,val_task,6,,,,,,,,,cycle2,0.0,0.0,1000.0,0.0,0.0,0.0,0.0,0.0,0.0
9,val_task,6,,,,,,,,,cycle3,15.0,214.0,761.0,10.0,0.06550218340611354,0.6,0.11811023622047244,25.0,0.02500000037252903
9,val_task,6,,,,,,,,,cycle4,73.0,911.0,16.0,0.0,0.0741869918699187,1.0,0.13812677388836328,73.0,0.0729999989271164
9,val_task,6,,,,,,,,,cycle5,78.0,135.0,732.0,55.0,0.36619718309859156,0.5864661654135338,0.4508670520231214,133.0,0.13300000131130219
9,val_task,6,,,,,,,,,cycle6,233.0,713.0,54.0,0.0,0.2463002114164905,1.0,0.3952502120441052,233.0,0.2329999953508377
9,val_task,6,,,,,,,,,scatter_gather,48.0,171.0,705.0,76.0,0.2191780821917808,0.3870967741935484,0.2798833819241982,124.0,0.12399999797344208
9,val_task,6,,,,,,,,,biclique,71.0,624.0,304.0,1.0,0.10215827338129496,0.9861111111111112,0.18513689700130379,72.0,0.07199999690055847
9,training,7,0.617627739906311,1000.0,,,,,,,,,,,,,,,,
9,val,7,,,0.6664941906929016,0.6641428470611572,0.014000000432133675,0.297999402806808,0.2601994324820765,1000.0,,,,,,,,,,
9,val_task,7,,,,,,,,,cycle2,0.0,0.0,1000.0,0.0,0.0,0.0,0.0,0.0,0.0
9,val_task,7,,,,,,,,,cycle3,11.0,63.0,912.0,14.0,0.14864864864864866,0.44,0.2222222222222222,25.0,0.02500000037252903
9,val_task,7,,,,,,,,,cycle4,73.0,840.0,87.0,0.0,0.07995618838992333,1.0,0.1480730223123732,73.0,0.0729999989271164
9,val_task,7,,,,,,,,,cycle5,75.0,108.0,759.0,58.0,0.4098360655737705,0.5639097744360902,0.4746835443037975,133.0,0.13300000131130219
9,val_task,7,,,,,,,,,cycle6,233.0,659.0,108.0,0.0,0.26121076233183854,1.0,0.4142222222222222,233.0,0.2329999953508377
9,val_task,7,,,,,,,,,scatter_gather,39.0,73.0,803.0,85.0,0.3482142857142857,0.31451612903225806,0.33050847457627114,124.0,0.12399999797344208
9,val_task,7,,,,,,,,,biclique,68.0,447.0,481.0,4.0,0.13203883495145632,0.9444444444444444,0.2316865417376491,72.0,0.07199999690055847
9,training,8,0.606235146522522,1000.0,,,,,,,,,,,,,,,,
9,val,8,,,0.6573359966278076,0.7164285778999329,0.028999999165534973,0.3268904713462191,0.2946862612591573,1000.0,,,,,,,,,,
9,val_task,8,,,,,,,,,cycle2,0.0,0.0,1000.0,0.0,0.0,0.0,0.0,0.0,0.0
9,val_task,8,,,,,,,,,cycle3,8.0,16.0,959.0,17.0,0.3333333333333333,0.32,0.32653061224489793,25.0,0.02500000037252903
9,val_task,8,,,,,,,,,cycle4,71.0,750.0,177.0,2.0,0.08647990255785627,0.9726027397260274,0.15883668903803133,73.0,0.0729999989271164
9,val_task,8,,,,,,,,,cycle5,75.0,98.0,769.0,58.0,0.43352601156069365,0.5639097744360902,0.49019607843137253,133.0,0.13300000131130219
9,val_task,8,,,,,,,,,cycle6,233.0,627.0,140.0,0.0,0.2709302325581395,1.0,0.4263494967978042,233.0,0.2329999953508377
9,val_task,8,,,,,,,,,scatter_gather,30.0,9.0,867.0,94.0,0.7692307692307693,0.24193548387096775,0.3680981595092024,124.0,0.12399999797344208
9,val_task,8,,,,,,,,,biclique,65.0,307.0,621.0,7.0,0.17473118279569894,0.9027777777777778,0.2927927927927928,72.0,0.07199999690055847
9,training,9,0.5929916501045227,1000.0,,,,,,,,,,,,,,,,
9,val,9,,,0.6474030613899231,0.7481428384780884,0.06700000166893005,0.34776174620791717,0.27885007163313735,1000.0,,,,,,,,,,
9,val_task,9,,,,,,,,,cycle2,0.0,0.0,1000.0,0.0,0.0,0.0,0.0,0.0,0.0
9,val_task,9,,,,,,,,,cycle3,2.0,3.0,972.0,23.0,0.4,0.08,0.13333333333333333,25.0,0.02500000037252903
9,val_task,9,,,,,,,,,cycle4,69.0,651.0,276.0,4.0,0.09583333333333334,0.9452054794520548,0.17402269861286254,73.0,0.0729999989271164
9,val_task,9,,,,,,,,,cycle5,77.0,94.0,773.0,56.0,0.4502923976608187,0.5789473684210527,0.5065789473684211,133.0,0.13300000131130219
9,val_task,9,,,,,,,,,cycle6,233.0,595.0,172.0,0.0,0.28140096618357485,1.0,0.43920829406220546,233.0,0.2329999953508377
9,val_task,9,,,,,,,,,scatter_gather,28.0,4.0,872.0,96.0,0.875,0.22580645161290322,0.358974358974359,124.0,0.12399999797344208
9,val_task,9,,,,,,,,,biclique,61.0,226.0,702.0,11.0,0.21254355400696864,0.8472222222222222,0.33983286908078,72.0,0.07199999690055847
9,training,10,0.5814613699913025,1000.0,,,,,,,,,,,,,,,,
9,val,10,,,0.6366720795631409,0.7688571214675903,0.10999999940395355,0.36249014972419225,0.261404461983701,1000.0,,,,,,,,,,
9,val_task,10,,,,,,,,,cycle2,0.0,0.0,1000.0,0.0,0.0,0.0,0.0,0.0,0.0
9,val_task,10,,,,,,,,,cycle3,0.0,0.0,975.0,25.0,0.0,0.0,0.0,25.0,0.02500000037252903
9,val_task,10,,,,,,,,,cycle4,69.0,572.0,355.0,4.0,0.10764430577223089,0.9452054794520548,0.19327731092436973,73.0,0.0729999989271164
9,val_task,10,,,,,,,,,cycle5,77.0,93.0,774.0,56.0,0.45294117647058824,0.5789473684210527,0.5082508250825082,133.0,0.13300000131130219
9,val_task,10,,,,,,,,,cycle6,233.0,568.0,199.0,0.0,0.2908863920099875,1.0,0.45067698259187616,233.0,0.2329999953508377
9,val_task,10,,,,,,,,,scatter_gather,23.0,4.0,872.0,101.0,0.8518518518518519,0.18548387096774194,0.304635761589404,124.0,0.12399999797344208
9,val_task,10,,,,,,,,,biclique,58.0,181.0,747.0,14.0,0.24267782426778242,0.8055555555555556,0.37299035369774913,72.0,0.07199999690055847
9,training,11,0.5676971673965454,1000.0,,,,,,,,,,,,,,,,
9,val,11,,,0.6242936849594116,0.7855714559555054,0.14800000190734863,0.37588357588357585,0.266634422065307,1000.0,,,,,,,,,,
9,val_task,11,,,,,,,,,cycle2,0.0,0.0,1000.0,0.0,0.0,0.0,0.0,0.0,0.0
9,val_task,11,,,,,,,,,cycle3,0.0,0.0,975.0,25.0,0.0,0.0,0.0,25.0,0.02500000037252903
9,val_task,11,,,,,,,,,cycle4,68.0,509.0,418.0,5.0,0.11785095320623917,0.9315068493150684,0.2092307692307692,73.0,0.0729999989271164
9,val_task,11,,,,,,,,,cycle5,77.0,90.0,777.0,56.0,0.46107784431137727,0.5789473684210527,0.5133333333333334,133.0,0.13300000131130219
9,val_task,11,,,,,,,,,cycle6,233.0,548.0,219.0,0.0,0.29833546734955185,1.0,0.45956607495069035,233.0,0.2329999953508377
9,val_task,11,,,,,,,,,scatter_gather,22.0,4.0,872.0,102.0,0.8461538461538461,0.1774193548387097,0.29333333333333333,124.0,0.12399999797344208
9,val_task,11,,,,,,,,,biclique,52.0,142.0,786.0,20.0,0.26804123711340205,0.7222222222222222,0.3909774436090225,72.0,0.07199999690055847
9,training,12,0.5548745393753052,1000.0,,,,,,,,,,,,,,,,
9,val,12,,,0.6104530096054077,0.8118571639060974,0.2460000067949295,0.40595399188092013,0.2826914507534518,1000.0,,,,,,,,,,
9,val_task,12,,,,,,,,,cycle2,0.0,0.0,1000.0,0.0,0.0,0.0,0.0,0.0,0.0
9,val_task,12,,,,,,,,,cycle3,0.0,0.0,975.0,25.0,0.0,0.0,0.0,25.0,0.02500000037252903
9,val_task,12,,,,,,,,,cycle4,68.0,394.0,533.0,5.0,0.1471861471861472,0.9315068493150684,0.25420560747663556,73.0,0.0729999989271164
9,val_task,12,,,,,,,,,cycle5,76.0,84.0,783.0,57.0,0.475,0.5714285714285714,0.5187713310580205,133.0,0.13300000131130219
9,val_task,12,,,,,,,,,cycle6,233.0,511.0,256.0,0.0,0.3131720430107527,1.0,0.47697031729785055,233.0,0.2329999953508377
9,val_task,12,,,,,,,,,scatter_gather,23.0,2.0,874.0,101.0,0.92,0.18548387096774194,0.3087248322147651,124.0,0.12399999797344208
9,val_task,12,,,,,,,,,biclique,50.0,116.0,812.0,22.0,0.30120481927710846,0.6944444444444444,0.4201680672268908,72.0,0.07199999690055847
9,training,13,0.5411369204521179,1000.0,,,,,,,,,,,,,,,,
9,val,13,,,0.5944691896438599,0.8309999704360962,0.3100000023841858,0.4265632573921473,0.29257970706433145,1000.0,,,,,,,,,,
9,val_task,13,,,,,,,,,cycle2,0.0,0.0,1000.0,0.0,0.0,0.0,0.0,0.0,0.0
9,val_task,13,,,,,,,,,cycle3,0.0,0.0,975.0,25.0,0.0,0.0,0.0,25.0,0.02500000037252903
9,val_task,13,,,,,,,,,cycle4,66.0,334.0,593.0,7.0,0.165,0.9041095890410958,0.2790697674418605,73.0,0.0729999989271164
9,val_task,13,,,,,,,,,cycle5,76.0,76.0,791.0,57.0,0.5,0.5714285714285714,0.5333333333333333,133.0,0.13300000131130219
9,val_task,13,,,,,,,,,cycle6,233.0,471.0,296.0,0.0,0.3309659090909091,1.0,0.4973319103521878,233.0,0.2329999953508377
9,val_task,13,,,,,,,,,scatter_gather,22.0,2.0,874.0,102.0,0.9166666666666666,0.1774193548387097,0.2972972972972973,124.0,0.12399999797344208
9,val_task,13,,,,,,,,,biclique,43.0,80.0,848.0,29.0,0.34959349593495936,0.5972222222222222,0.441025641025641,72.0,0.07199999690055847
9,training,14,0.5279542207717896,1000.0,,,,,,,,,,,,,,,,
9,val,14,,,0.5773194432258606,0.8448571562767029,0.3490000069141388,0.4425051334702259,0.3004314663067427,1000.0,,,,,,,,,,
9,val_task,14,,,,,,,,,cycle2,0.0,0.0,1000.0,0.0,0.0,0.0,0.0,0.0,0.0
9,val_task,14,,,,,,,,,cycle3,0.0,0.0,975.0,25.0,0.0,0.0,0.0,25.0,0.02500000037252903
9,val_task,14,,,,,,,,,cycle4,62.0,284.0,643.0,11.0,0.1791907514450867,0.8493150684931506,0.29594272076372313,73.0,0.0729999989271164
9,val_task,14,,,,,,,,,cycle5,77.0,69.0,798.0,56.0,0.5273972602739726,0.5789473684210527,0.5519713261648745,133.0,0.13300000131130219
9,val_task,14,,,,,,,,,cycle6,233.0,449.0,318.0,0.0,0.3416422287390029,1.0,0.5092896174863388,233.0,0.2329999953508377
9,val_task,14,,,,,,,,,scatter_gather,19.0,1.0,875.0,105.0,0.95,0.1532258064516129,0.2638888888888889,124.0,0.12399999797344208
9,val_task,14,,,,,,,,,biclique,40.0,54.0,874.0,32.0,0.425531914893617,0.5555555555555556,0.48192771084337355,72.0,0.07199999690055847
9,training,15,0.5147841572761536,1000.0,,,,,,,,,,,,,,,,
9,val,15,,,0.5593854188919067,0.8544285893440247,0.375,0.44948676391139925,0.2937941165398748,1000.0,,,,,,,,,,
9,val_task,15,,,,,,,,,cycle2,0.0,0.0,1000.0,0.0,0.0,0.0,0.0,0.0,0.0
9,val_task,15,,,,,,,,,cycle3,0.0,0.0,975.0,25.0,0.0,0.0,0.0,25.0,0.02500000037252903
9,val_task,15,,,,,,,,,cycle4,60.0,240.0,687.0,13.0,0.2,0.821917808219178,0.32171581769436997,73.0,0.0729999989271164
9,val_task,15,,,,,,,,,cycle5,78.0,69.0,798.0,55.0,0.5306122448979592,0.5864661654135338,0.5571428571428572,133.0,0.13300000131130219
9,val_task,15,,,,,,,,,cycle6,232.0,429.0,338.0,1.0,0.35098335854765506,0.9957081545064378,0.5190156599552573,233.0,0.2329999953508377
9,val_task,15,,,,,,,,,scatter_gather,15.0,0.0,876.0,109.0,1.0,0.12096774193548387,0.2158273381294964,124.0,0.12399999797344208
9,val_task,15,,,,,,,,,biclique,31.0,37.0,891.0,41.0,0.45588235294117646,0.4305555555555556,0.4428571428571429,72.0,0.07199999690055847
9,training,16,0.5012974143028259,1000.0,,,,,,,,,,,,,,,,
9,val,16,,,0.5409234166145325,0.8662857413291931,0.41200000047683716,0.4633027522935779,0.287699154085615,1000.0,,,,,,,,,,
9,val_task,16,,,,,,,,,cycle2,0.0,0.0,1000.0,0.0,0.0,0.0,0.0,0.0,0.0
9,val_task,16,,,,,,,,,cycle3,0.0,0.0,975.0,25.0,0.0,0.0,0.0,25.0,0.02500000037252903
9,val_task,16,,,,,,,,,cycle4,56.0,188.0,739.0,17.0,0.22950819672131148,0.7671232876712328,0.3533123028391167,73.0,0.0729999989271164
9,val_task,16,,,,,,,,,cycle5,80.0,67.0,800.0,53.0,0.54421768707483,0.6015037593984962,0.5714285714285714,133.0,0.13300000131130219
9,val_task,16,,,,,,,,,cycle6,232.0,395.0,372.0,1.0,0.3700159489633174,0.9957081545064378,0.5395348837209303,233.0,0.2329999953508377
9,val_task,16,,,,,,,,,scatter_gather,7.0,0.0,876.0,117.0,1.0,0.056451612903225805,0.10687022900763359,124.0,0.12399999797344208
9,val_task,16,,,,,,,,,biclique,29.0,30.0,898.0,43.0,0.4915254237288136,0.4027777777777778,0.44274809160305345,72.0,0.07199999690055847
9,training,17,0.4887098968029022,1000.0,,,,,,,,,,,,,,,,
9,val,17,,,0.521995484828949,0.8775714039802551,0.4480000138282776,0.48342374924653403,0.2887777808798465,1000.0,,,,,,,,,,
9,val_task,17,,,,,,,,,cycle2,0.0,0.0,1000.0,0.0,0.0,0.0,0.0,0.0,0.0
9,val_task,17,,,,,,,,,cycle3,0.0,0.0,975.0,25.0,0.0,0.0,0.0,25.0,0.02500000037252903
9,val_task,17,,,,,,,,,cycle4,55.0,145.0,782.0,18.0,0.275,0.7534246575342466,0.40293040293040294,73.0,0.0729999989271164
9,val_task,17,,,,,,,,,cycle5,85.0,68.0,799.0,48.0,0.5555555555555556,0.6390977443609023,0.5944055944055945,133.0,0.13300000131130219
9,val_task,17,,,,,,,,,cycle6,232.0,358.0,409.0,1.0,0.39322033898305087,0.9957081545064378,0.5637910085054678,233.0,0.2329999953508377
9,val_task,17,,,,,,,,,scatter_gather,2.0,0.0,876.0,122.0,1.0,0.016129032258064516,0.031746031746031744,124.0,0.12399999797344208
9,val_task,17,,,,,,,,,biclique,27.0,27.0,901.0,45.0,0.5,0.375,0.42857142857142855,72.0,0.07199999690055847
9,training,18,0.47546568512916565,1000.0,,,,,,,,,,,,,,,,
9,val,18,,,0.5017844438552856,0.8858571648597717,0.47999998927116394,0.49843063402385435,0.29483750637045836,1000.0,,,,,,,,,,
9,val_task,18,,,,,,,,,cycle2,0.0,0.0,1000.0,0.0,0.0,0.0,0.0,0.0,0.0
9,val_task,18,,,,,,,,,cycle3,0.0,0.0,975.0,25.0,0.0,0.0,0.0,25.0,0.02500000037252903
9,val_task,18,,,,,,,,,cycle4,53.0,119.0,808.0,20.0,0.3081395348837209,0.726027397260274,0.4326530612244899,73.0,0.0729999989271164
9,val_task,18,,,,,,,,,cycle5,86.0,69.0,798.0,47.0,0.5548387096774193,0.6466165413533834,0.5972222222222222,133.0,0.13300000131130219
9,val_task,18,,,,,,,,,cycle6,230.0,322.0,445.0,3.0,0.4166666666666667,0.9871244635193133,0.5859872611464968,233.0,0.2329999953508377
9,val_task,18,,,,,,,,,scatter_gather,1.0,0.0,876.0,123.0,1.0,0.008064516129032258,0.016,124.0,0.12399999797344208
9,val_task,18,,,,,,,,,biclique,27.0,26.0,902.0,45.0,0.5094339622641509,0.375,0.432,72.0,0.07199999690055847
9,training,19,0.4619438350200653,1000.0,,,,,,,,,,,,,,,,
9,val,19,,,0.48030543327331543,0.8935714364051819,0.5019999742507935,0.5095457537853851,0.3000056750515877,1000.0,,,,,,,,,,
9,val_task,19,,,,,,,,,cycle2,0.0,0.0,1000.0,0.0,0.0,0.0,0.0,0.0,0.0
9,val_task,19,,,,,,,,,cycle3,0.0,0.0,975.0,25.0,0.0,0.0,0.0,25.0,0.02500000037252903
9,val_task,19,,,,,,,,,cycle4,47.0,89.0,838.0,26.0,0.34558823529411764,0.6438356164383562,0.44976076555023925,73.0,0.0729999989271164
9,val_task,19,,,,,,,,,cycle5,86.0,69.0,798.0,47.0,0.5548387096774193,0.6466165413533834,0.5972222222222222,133.0,0.13300000131130219
9,val_task,19,,,,,,,,,cycle6,227.0,292.0,475.0,6.0,0.4373795761078998,0.9742489270386266,0.6037234042553191,233.0,0.2329999953508377
9,val_task,19,,,,,,,,,scatter_gather,1.0,0.0,876.0,123.0,1.0,0.008064516129032258,0.016,124.0,0.12399999797344208
9,val_task,19,,,,,,,,,biclique,26.0,22.0,906.0,46.0,0.5416666666666666,0.3611111111111111,0.43333333333333335,72.0,0.07199999690055847
9,training,20,0.4475814402103424,1000.0,,,,,,,,,,,,,,,,
9,val,20,,,0.45509403944015503,0.9074285626411438,0.5580000281333923,0.5384615384615385,0.31554184999563156,1000.0,,,,,,,,,,
9,val_task,20,,,,,,,,,cycle2,0.0,0.0,1000.0,0.0,0.0,0.0,0.0,0.0,0.0
9,val_task,20,,,,,,,,,cycle3,0.0,0.0,975.0,25.0,0.0,0.0,0.0,25.0,0.02500000037252903
9,val_task,20,,,,,,,,,cycle4,44.0,53.0,874.0,29.0,0.4536082474226804,0.6027397260273972,0.5176470588235295,73.0,0.0729999989271164
9,val_task,20,,,,,,,,,cycle5,83.0,57.0,810.0,50.0,0.5928571428571429,0.6240601503759399,0.6080586080586081,133.0,0.13300000131130219
9,val_task,20,,,,,,,,,cycle6,227.0,242.0,525.0,6.0,0.4840085287846482,0.9742489270386266,0.6467236467236468,233.0,0.2329999953508377
9,val_task,20,,,,,,,,,scatter_gather,0.0,0.0,876.0,124.0,0.0,0.0,0.0,124.0,0.12399999797344208
9,val_task,20,,,,,,,,,biclique,24.0,14.0,914.0,48.0,0.631578947368421,0.3333333333333333,0.4363636363636364,72.0,0.07199999690055847
10,training,1,0.6840159893035889,2000.0,,,,,,,,,,,,,,,,
10,val,1,,,0.6737974286079407,0.7196428775787354,0.006500000134110451,0.35518317726301957,0.19446439437266885,2000.0,,,,,,,,,,
10,val_task,1,,,,,,,,,cycle2,0.0,0.0,2000.0,0.0,0.0,0.0,0.0,0.0,0.0
10,val_task,1,,,,,,,,,cycle3,15.0,0.0,1884.0,101.0,1.0,0.12931034482758622,0.22900763358778625,116.0,0.057999998331069946
10,val_task,1,,,,,,,,,cycle4,0.0,0.0,1591.0,409.0,0.0,0.0,0.0,409.0,0.2045000046491623
10,val_task,1,,,,,,,,,cycle5,901.0,1099.0,0.0,0.0,0.4505,1.0,0.6211651154774216,901.0,0.4505000114440918
10,val_task,1,,,,,,,,,cycle6,0.0,0.0,632.0,1368.0,0.0,0.0,0.0,1368.0,0.6840000152587891
10,val_task,1,,,,,,,,,scatter_gather,105.0,5.0,1319.0,571.0,0.9545454545454546,0.15532544378698224,0.2671755725190839,676.0,0.33799999952316284
10,val_task,1,,,,,,,,,biclique,60.0,22.0,1568.0,350.0,0.7317073170731707,0.14634146341463414,0.2439024390243902,410.0,0.20499999821186066
10,training,2,0.6523544192314148,2000.0,,,,,,,,,,,,,,,,
10,val,2,,,0.6696516275405884,0.7222856879234314,0.006500000134110451,0.3909774436090226,0.26804544015699533,2000.0,,,,,,,,,,
10,val_task,2,,,,,,,,,cycle2,0.0,0.0,2000.0,0.0,0.0,0.0,0.0,0.0,0.0
10,val_task,2,,,,,,,,,cycle3,37.0,17.0,1867.0,79.0,0.6851851851851852,0.31896551724137934,0.43529411764705883,116.0,0.057999998331069946
10,val_task,2,,,,,,,,,cycle4,0.0,0.0,1591.0,409.0,0.0,0.0,0.0,409.0,0.2045000046491623
10,val_task,2,,,,,,,,,cycle5,899.0,1099.0,0.0,2.0,0.44994994994994997,0.9977802441731409,0.6202138668506382,901.0,0.4505000114440918
10,val_task,2,,,,,,,,,cycle6,6.0,2.0,630.0,1362.0,0.75,0.0043859649122807015,0.00872093023255814,1368.0,0.6840000152587891
10,val_task,2,,,,,,,,,scatter_gather,135.0,13.0,1311.0,541.0,0.9121621621621622,0.1997041420118343,0.3276699029126213,676.0,0.33799999952316284
10,val_task,2,,,,,,,,,biclique,171.0,125.0,1465.0,239.0,0.5777027027027027,0.4170731707317073,0.4844192634560906,410.0,0.20499999821186066
10,training,3,0.6298620104789734,2000.0,,,,,,,,,,,,,,,,
10,val,3,,,0.66515052318573,0.7491428852081299,0.05950000137090683,0.49842902027992,0.3462760636646434,2000.0,,,,,,,,,,
10,val_task,3,,,,,,,,,cycle2,0.0,0.0,2000.0,0.0,0.0,0.0,0.0,0.0,0.0
10,val_task,3,,,,,,,,,cycle3,53.0,60.0,1824.0,63.0,0.4690265486725664,0.45689655172413796,0.462882096069869,116.0,0.057999998331069946
10,val_task,3,,,,,,,,,cycle4,0.0,0.0,1591.0,409.0,0.0,0.0,0.0,409.0,0.2045000046491623
10,val_task,3,,,,,,,,,cycle5,898.0,1099.0,0.0,3.0,0.4496745117676515,0.9966703662597114,0.6197377501725327,901.0,0.4505000114440918
10,val_task,3,,,,,,,,,cycle6,471.0,86.0,546.0,897.0,0.8456014362657092,0.3442982456140351,0.4893506493506493,1368.0,0.6840000152587891
10,val_task,3,,,,,,,,,scatter_gather,148.0,17.0,1307.0,528.0,0.896969696969697,0.21893491124260356,0.351961950059453,676.0,0.33799999952316284
10,val_task,3,,,,,,,,,biclique,175.0,115.0,1475.0,235.0,0.603448275862069,0.4268292682926829,0.5,410.0,0.20499999821186066
10,training,4,0.6146681904792786,2000.0,,,,,,,,,,,,,,,,
10,val,4,,,0.6597042679786682,0.7724999785423279,0.11100000143051147,0.5864173483963121,0.38611938456349354,2000.0,,,,,,,,,,
10,val_task,4,,,,,,,,,cycle2,0.0,0.0,2000.0,0.0,0.0,0.0,0.0,0.0,0.0
10,val_task,4,,,,,,,,,cycle3,64.0,112.0,1772.0,52.0,0.36363636363636365,0.5517241379310345,0.4383561643835616,116.0,0.057999998331069946
10,val_task,4,,,,,,,,,cycle4,0.0,0.0,1591.0,409.0,0.0,0.0,0.0,409.0,0.2045000046491623
10,val_task,4,,,,,,,,,cycle5,899.0,1098.0,1.0,2.0,0.4501752628943415,0.9977802441731409,0.6204278812974464,901.0,0.4505000114440918
10,val_task,4,,,,,,,,,cycle6,946.0,207.0,425.0,422.0,0.8204683434518647,0.6915204678362573,0.7504958349861165,1368.0,0.6840000152587891
10,val_task,4,,,,,,,,,scatter_gather,171.0,22.0,1302.0,505.0,0.8860103626943006,0.2529585798816568,0.39355581127733025,676.0,0.33799999952316284
10,val_task,4,,,,,,,,,biclique,178.0,124.0,1466.0,232.0,0.5894039735099338,0.43414634146341463,0.5,410.0,0.20499999821186066
10,training,5,0.601845920085907,2000.0,,,,,,,,,,,,,,,,
10,val,5,,,0.6530460119247437,0.7738571166992188,0.1315000057220459,0.612958435207824,0.39528318215647135,2000.0,,,,,,,,,,
10,val_task,5,,,,,,,,,cycle2,0.0,0.0,2000.0,0.0,0.0,0.0,0.0,0.0,0.0
10,val_task,5,,,,,,,,,cycle3,73.0,183.0,1701.0,43.0,0.28515625,0.6293103448275862,0.39247311827956993,116.0,0.057999998331069946
10,val_task,5,,,,,,,,,cycle4,0.0,0.0,1591.0,409.0,0.0,0.0,0.0,409.0,0.2045000046491623
10,val_task,5,,,,,,,,,cycle5,900.0,1091.0,8.0,1.0,0.45203415369161226,0.9988901220865705,0.6224066390041494,901.0,0.4505000114440918
10,val_task,5,,,,,,,,,cycle6,1146.0,353.0,279.0,222.0,0.7645096731154103,0.8377192982456141,0.7994419253575167,1368.0,0.6840000152587891
10,val_task,5,,,,,,,,,scatter_gather,204.0,31.0,1293.0,472.0,0.8680851063829788,0.30177514792899407,0.4478594950603733,676.0,0.33799999952316284
10,val_task,5,,,,,,,,,biclique,184.0,135.0,1455.0,226.0,0.5768025078369906,0.44878048780487806,0.50480109739369,410.0,0.20499999821186066
10,training,6,0.590136706829071,2000.0,,,,,,,,,,,,,,,,
10,val,6,,,0.6453329920768738,0.7686428427696228,0.13750000298023224,0.6162776922165619,0.39494742754017576,2000.0,,,,,,,,,,
10,val_task,6,,,,,,,,,cycle2,0.0,0.0,2000.0,0.0,0.0,0.0,0.0,0.0,0.0
10,val_task,6,,,,,,,,,cycle3,79.0,233.0,1651.0,37.0,0.2532051282051282,0.6810344827586207,0.3691588785046729,116.0,0.057999998331069946
10,val_task,6,,,,,,,,,cycle4,0.0,0.0,1591.0,409.0,0.0,0.0,0.0,409.0,0.2045000046491623
10,val_task,6,,,,,,,,,cycle5,901.0,1074.0,25.0,0.0,0.4562025316455696,1.0,0.6265646731571628,901.0,0.4505000114440918
10,val_task,6,,,,,,,,,cycle6,1213.0,464.0,168.0,155.0,0.7233154442456768,0.8866959064327485,0.7967159277504106,1368.0,0.6840000152587891
10,val_task,6,,,,,,,,,scatter_gather,222.0,37.0,1287.0,454.0,0.8571428571428571,0.32840236686390534,0.47486631016042785,676.0,0.33799999952316284
10,val_task,6,,,,,,,,,biclique,186.0,152.0,1438.0,224.0,0.5502958579881657,0.45365853658536587,0.49732620320855614,410.0,0.20499999821186066
10,training,7,0.5777156352996826,2000.0,,,,,,,,,,,,,,,,
10,val,7,,,0.6366326808929443,0.7692142724990845,0.14350000023841858,0.6228551418232753,0.39534645342737446,2000.0,,,,,,,,,,
10,val_task,7,,,,,,,,,cycle2,0.0,0.0,2000.0,0.0,0.0,0.0,0.0,0.0,0.0
10,val_task,7,,,,,,,,,cycle3,82.0,264.0,1620.0,34.0,0.23699421965317918,0.7068965517241379,0.354978354978355,116.0,0.057999998331069946
10,val_task,7,,,,,,,,,cycle4,0.0,0.0,1591.0,409.0,0.0,0.0,0.0,409.0,0.2045000046491623
10,val_task,7,,,,,,,,,cycle5,901.0,1052.0,47.0,0.0,0.46134152585765487,1.0,0.6313945339873861,901.0,0.4505000114440918
10,val_task,7,,,,,,,,,cycle6,1275.0,505.0,127.0,93.0,0.7162921348314607,0.9320175438596491,0.8100381194409149,1368.0,0.6840000152587891
10,val_task,7,,,,,,,,,scatter_gather,222.0,42.0,1282.0,454.0,0.8409090909090909,0.32840236686390534,0.47234042553191485,676.0,0.33799999952316284
10,val_task,7,,,,,,,,,biclique,188.0,156.0,1434.0,222.0,0.5465116279069767,0.4585365853658537,0.4986737400530503,410.0,0.20499999821186066
10,training,8,0.5669580101966858,2000.0,,,,,,,,,,,,,,,,
10,val,8,,,0.6269665956497192,0.7717857360839844,0.14300000667572021,0.630849220103986,0.3970696204685669,2000.0,,,,,,,,,,
10,val_task,8,,,,,,,,,cycle2,0.0,0.0,2000.0,0.0,0.0,0.0,0.0,0.0,0.0
10,val_task,8,,,,,,,,,cycle3,82.0,283.0,1601.0,34.0,0.22465753424657534,0.7068965517241379,0.340956340956341,116.0,0.057999998331069946
10,val_task,8,,,,,,,,,cycle4,0.0,0.0,1591.0,409.0,0.0,0.0,0.0,409.0,0.2045000046491623
10,val_task,8,,,,,,,,,cycle5,900.0,1026.0,73.0,1.0,0.4672897196261682,0.9988901220865705,0.6367173682348779,901.0,0.4505000114440918
10,val_task,8,,,,,,,,,cycle6,1332.0,524.0,108.0,36.0,0.7176724137931034,0.9736842105263158,0.826302729528536,1368.0,0.6840000152587891
10,val_task,8,,,,,,,,,scatter_gather,216.0,43.0,1281.0,460.0,0.833976833976834,0.31952662721893493,0.4620320855614974,676.0,0.33799999952316284
10,val_task,8,,,,,,,,,biclique,200.0,169.0,1421.0,210.0,0.5420054200542005,0.4878048780487805,0.5134788189987164,410.0,0.20499999821186066
10,training,9,0.5557799339294434,2000.0,,,,,,,,,,,,,,,,
10,val,9,,,0.6157010197639465,0.7719285488128662,0.15199999511241913,0.6352107848737577,0.4022706295682528,2000.0,,,,,,,,,,
10,val_task,9,,,,,,,,,cycle2,0.0,0.0,2000.0,0.0,0.0,0.0,0.0,0.0,0.0
10,val_task,9,,,,,,,,,cycle3,82.0,312.0,1572.0,34.0,0.20812182741116753,0.7068965517241379,0.32156862745098036,116.0,0.057999998331069946
10,val_task,9,,,,,,,,,cycle4,9.0,0.0,1591.0,400.0,1.0,0.022004889975550123,0.0430622009569378,409.0,0.2045000046491623
10,val_task,9,,,,,,,,,cycle5,900.0,999.0,100.0,1.0,0.47393364928909953,0.9988901220865705,0.6428571428571429,901.0,0.4505000114440918
10,val_task,9,,,,,,,,,cycle6,1364.0,544.0,88.0,4.0,0.7148846960167715,0.9970760233918129,0.8327228327228328,1368.0,0.6840000152587891
10,val_task,9,,,,,,,,,scatter_gather,216.0,44.0,1280.0,460.0,0.8307692307692308,0.31952662721893493,0.46153846153846156,676.0,0.33799999952316284
10,val_task,9,,,,,,,,,biclique,209.0,194.0,1396.0,201.0,0.5186104218362283,0.5097560975609756,0.5141451414514144,410.0,0.20499999821186066
10,training,10,0.5447691679000854,2000.0,,,,,,,,,,,,,,,,
10,val,10,,,0.6023507714271545,0.7708571553230286,0.16200000047683716,0.6381682833295736,0.4180797503366757,2000.0,,,,,,,,,,
10,val_task,10,,,,,,,,,cycle2,0.0,0.0,2000.0,0.0,0.0,0.0,0.0,0.0,0.0
10,val_task,10,,,,,,,,,cycle3,84.0,346.0,1538.0,32.0,0.19534883720930232,0.7241379310344828,0.3076923076923077,116.0,0.057999998331069946
10,val_task,10,,,,,,,,,cycle4,33.0,0.0,1591.0,376.0,1.0,0.08068459657701711,0.1493212669683258,409.0,0.2045000046491623
10,val_task,10,,,,,,,,,cycle5,900.0,989.0,110.0,1.0,0.4764425622022234,0.9988901220865705,0.6451612903225806,901.0,0.4505000114440918
10,val_task,10,,,,,,,,,cycle6,1368.0,560.0,72.0,0.0,0.7095435684647303,1.0,0.8300970873786407,1368.0,0.6840000152587891
10,val_task,10,,,,,,,,,scatter_gather,223.0,50.0,1274.0,453.0,0.8168498168498168,0.32988165680473375,0.46996838777660693,676.0,0.33799999952316284
10,val_task,10,,,,,,,,,biclique,221.0,212.0,1378.0,189.0,0.5103926096997691,0.5390243902439025,0.5243179122182682,410.0,0.20499999821186066
10,training,11,0.5342760682106018,2000.0,,,,,,,,,,,,,,,,
10,val,11,,,0.5890634655952454,0.7722856998443604,0.1704999953508377,0.644593088071349,0.43842031084701816,2000.0,,,,,,,,,,
10,val_task,11,,,,,,,,,cycle2,0.0,0.0,2000.0,0.0,0.0,0.0,0.0,0.0,0.0
10,val_task,11,,,,,,,,,cycle3,85.0,372.0,1512.0,31.0,0.18599562363238512,0.7327586206896551,0.29668411867364747,116.0,0.057999998331069946
10,val_task,11,,,,,,,,,cycle4,62.0,0.0,1591.0,347.0,1.0,0.15158924205378974,0.26326963906581746,409.0,0.2045000046491623
10,val_task,11,,,,,,,,,cycle5,900.0,971.0,128.0,1.0,0.48102618920363444,0.9988901220865705,0.6493506493506493,901.0,0.4505000114440918
10,val_task,11,,,,,,,,,cycle6,1368.0,569.0,63.0,0.0,0.7062467733608673,1.0,0.8278366111951588,1368.0,0.6840000152587891
10,val_task,11,,,,,,,,,scatter_gather,244.0,59.0,1265.0,432.0,0.8052805280528053,0.3609467455621302,0.4984678243105209,676.0,0.33799999952316284
10,val_task,11,,,,,,,,,biclique,232.0,228.0,1362.0,178.0,0.5043478260869565,0.5658536585365853,0.5333333333333333,410.0,0.20499999821186066
10,training,12,0.5232197046279907,2000.0,,,,,,,,,,,,,,,,
10,val,12,,,0.5762783885002136,0.7754999995231628,0.17550000548362732,0.6516679596586501,0.4566050581898596,2000.0,,,,,,,,,,
10,val_task,12,,,,,,,,,cycle2,0.0,0.0,2000.0,0.0,0.0,0.0,0.0,0.0,0.0
10,val_task,12,,,,,,,,,cycle3,87.0,382.0,1502.0,29.0,0.18550106609808104,0.75,0.29743589743589743,116.0,0.057999998331069946
10,val_task,12,,,,,,,,,cycle4,94.0,6.0,1585.0,315.0,0.94,0.22982885085574573,0.3693516699410609,409.0,0.2045000046491623
10,val_task,12,,,,,,,,,cycle5,899.0,943.0,156.0,2.0,0.48805646036916395,0.9977802441731409,0.6554866934013853,901.0,0.4505000114440918
10,val_task,12,,,,,,,,,cycle6,1368.0,566.0,66.0,0.0,0.7073422957600828,1.0,0.8285887341005451,1368.0,0.6840000152587891
10,val_task,12,,,,,,,,,scatter_gather,260.0,70.0,1254.0,416.0,0.7878787878787878,0.38461538461538464,0.5168986083499006,676.0,0.33799999952316284
10,val_task,12,,,,,,,,,biclique,232.0,236.0,1354.0,178.0,0.49572649572649574,0.5658536585365853,0.5284738041002278,410.0,0.20499999821186066
10,training,13,0.5130887031555176,2000.0,,,,,,,,,,,,,,,,
10,val,13,,,0.5629265308380127,0.7797142863273621,0.1809999942779541,0.6579414374445431,0.46877918007640623,2000.0,,,,,,,,,,
10,val_task,13,,,,,,,,,cycle2,0.0,0.0,2000.0,0.0,0.0,0.0,0.0,0.0,0.0
10,val_task,13,,,,,,,,,cycle3,86.0,376.0,1508.0,30.0,0.18614718614718614,0.7413793103448276,0.2975778546712803,116.0,0.057999998331069946
10,val_task,13,,,,,,,,,cycle4,124.0,22.0,1569.0,285.0,0.8493150684931506,0.30317848410757947,0.4468468468468469,409.0,0.2045000046491623
10,val_task,13,,,,,,,,,cycle5,899.0,918.0,181.0,2.0,0.49477160154100164,0.9977802441731409,0.6615158204562178,901.0,0.4505000114440918
10,val_task,13,,,,,,,,,cycle6,1368.0,554.0,78.0,0.0,0.7117585848074922,1.0,0.83161094224924,1368.0,0.6840000152587891
10,val_task,13,,,,,,,,,scatter_gather,261.0,72.0,1252.0,415.0,0.7837837837837838,0.386094674556213,0.5173439048562933,676.0,0.33799999952316284
10,val_task,13,,,,,,,,,biclique,228.0,228.0,1362.0,182.0,0.5,0.5560975609756098,0.5265588914549654,410.0,0.20499999821186066
10,training,14,0.5028515458106995,2000.0,,,,,,,,,,,,,,,,
10,val,14,,,0.5519727468490601,0.7929285764694214,0.19900000095367432,0.670380898237635,0.4750518095647965,2000.0,,,,,,,,,,
10,val_task,14,,,,,,,,,cycle2,0.0,0.0,2000.0,0.0,0.0,0.0,0.0,0.0,0.0
10,val_task,14,,,,,,,,,cycle3,83.0,335.0,1549.0,33.0,0.19856459330143542,0.7155172413793104,0.31086142322097376,116.0,0.057999998331069946
10,val_task,14,,,,,,,,,cycle4,125.0,25.0,1566.0,284.0,0.8333333333333334,0.3056234718826406,0.44722719141323797,409.0,0.2045000046491623
10,val_task,14,,,,,,,,,cycle5,898.0,822.0,277.0,3.0,0.522093023255814,0.9966703662597114,0.685234643265929,901.0,0.4505000114440918
10,val_task,14,,,,,,,,,cycle6,1368.0,524.0,108.0,0.0,0.7230443974630021,1.0,0.8392638036809815,1368.0,0.6840000152587891
10,val_task,14,,,,,,,,,scatter_gather,252.0,57.0,1267.0,424.0,0.8155339805825242,0.3727810650887574,0.5116751269035533,676.0,0.33799999952316284
10,val_task,14,,,,,,,,,biclique,222.0,204.0,1386.0,188.0,0.5211267605633803,0.5414634146341464,0.5311004784688995,410.0,0.20499999821186066
10,training,15,0.49271902441978455,2000.0,,,,,,,,,,,,,,,,
10,val,15,,,0.5403671860694885,0.8059999942779541,0.226500004529953,0.6819672131147541,0.47811788277894424,2000.0,,,,,,,,,,
10,val_task,15,,,,,,,,,cycle2,0.0,0.0,2000.0,0.0,0.0,0.0,0.0,0.0,0.0
10,val_task,15,,,,,,,,,cycle3,79.0,291.0,1593.0,37.0,0.21351351351351353,0.6810344827586207,0.32510288065843623,116.0,0.057999998331069946
10,val_task,15,,,,,,,,,cycle4,127.0,27.0,1564.0,282.0,0.8246753246753247,0.3105134474327628,0.4511545293072824,409.0,0.2045000046491623
10,val_task,15,,,,,,,,,cycle5,894.0,727.0,372.0,7.0,0.5515114127082048,0.9922308546059934,0.7089611419508326,901.0,0.4505000114440918
10,val_task,15,,,,,,,,,cycle6,1368.0,468.0,164.0,0.0,0.7450980392156863,1.0,0.8539325842696629,1368.0,0.6840000152587891
10,val_task,15,,,,,,,,,scatter_gather,237.0,44.0,1280.0,439.0,0.8434163701067615,0.3505917159763314,0.4952978056426333,676.0,0.33799999952316284
10,val_task,15,,,,,,,,,biclique,207.0,191.0,1399.0,203.0,0.5201005025125628,0.5048780487804878,0.5123762376237623,410.0,0.20499999821186066
10,training,16,0.48289167881011963,2000.0,,,,,,,,,,,,,,,,
10,val,16,,,0.5278570055961609,0.8180714249610901,0.25,0.6941275369280654,0.48575667091824687,2000.0,,,,,,,,,,
10,val_task,16,,,,,,,,,cycle2,0.0,0.0,2000.0,0.0,0.0,0.0,0.0,0.0,0.0
10,val_task,16,,,,,,,,,cycle3,77.0,245.0,1639.0,39.0,0.2391304347826087,0.6637931034482759,0.3515981735159817,116.0,0.057999998331069946
10,val_task,16,,,,,,,,,cycle4,129.0,25.0,1566.0,280.0,0.8376623376623377,0.3154034229828851,0.458259325044405,409.0,0.2045000046491623
10,val_task,16,,,,,,,,,cycle5,887.0,651.0,448.0,14.0,0.5767230169050716,0.9844617092119867,0.7273472734727348,901.0,0.4505000114440918
10,val_task,16,,,,,,,,,cycle6,1367.0,424.0,208.0,1.0,0.7632607481853713,0.9992690058479532,0.8654637543526432,1368.0,0.6840000152587891
10,val_task,16,,,,,,,,,scatter_gather,230.0,39.0,1285.0,446.0,0.8550185873605948,0.34023668639053256,0.4867724867724868,676.0,0.33799999952316284
10,val_task,16,,,,,,,,,biclique,200.0,173.0,1417.0,210.0,0.5361930294906166,0.4878048780487805,0.5108556832694764,410.0,0.20499999821186066
10,training,17,0.47330647706985474,2000.0,,,,,,,,,,,,,,,,
10,val,17,,,0.512948215007782,0.8314999938011169,0.2809999883174896,0.7079361148941439,0.49196325880396274,2000.0,,,,,,,,,,
10,val_task,17,,,,,,,,,cycle2,0.0,0.0,2000.0,0.0,0.0,0.0,0.0,0.0,0.0
10,val_task,17,,,,,,,,,cycle3,73.0,202.0,1682.0,43.0,0.26545454545454544,0.6293103448275862,0.37340153452685415,116.0,0.057999998331069946
10,val_task,17,,,,,,,,,cycle4,123.0,24.0,1567.0,286.0,0.8367346938775511,0.30073349633251834,0.44244604316546765,409.0,0.2045000046491623
10,val_task,17,,,,,,,,,cycle5,879.0,556.0,543.0,22.0,0.6125435540069687,0.9755826859045506,0.752568493150685,901.0,0.4505000114440918
10,val_task,17,,,,,,,,,cycle6,1366.0,377.0,255.0,2.0,0.7837062535857716,0.9985380116959064,0.8781742205078753,1368.0,0.6840000152587891
10,val_task,17,,,,,,,,,scatter_gather,225.0,33.0,1291.0,451.0,0.872093023255814,0.3328402366863905,0.4817987152034261,676.0,0.33799999952316284
10,val_task,17,,,,,,,,,biclique,193.0,146.0,1444.0,217.0,0.5693215339233039,0.47073170731707314,0.5153538050734313,410.0,0.20499999821186066
10,training,18,0.4630362093448639,2000.0,,,,,,,,,,,,,,,,
10,val,18,,,0.496957927942276,0.8447856903076172,0.3179999887943268,0.7200103079500065,0.495495923952377,2000.0,,,,,,,,,,
10,val_task,18,,,,,,,,,cycle2,0.0,0.0,2000.0,0.0,0.0,0.0,0.0,0.0,0.0
10,val_task,18,,,,,,,,,cycle3,70.0,154.0,1730.0,46.0,0.3125,0.603448275862069,0.4117647058823529,116.0,0.057999998331069946
10,val_task,18,,,,,,,,,cycle4,116.0,20.0,1571.0,293.0,0.8529411764705882,0.28361858190709044,0.4256880733944954,409.0,0.2045000046491623
10,val_task,18,,,,,,,,,cycle5,861.0,444.0,655.0,40.0,0.6597701149425287,0.9556048834628191,0.7805983680870354,901.0,0.4505000114440918
10,val_task,18,,,,,,,,,cycle6,1363.0,325.0,307.0,5.0,0.8074644549763034,0.9963450292397661,0.8920157068062827,1368.0,0.6840000152587891
10,val_task,18,,,,,,,,,scatter_gather,205.0,26.0,1298.0,471.0,0.8874458874458875,0.3032544378698225,0.45203969128996685,676.0,0.33799999952316284
10,val_task,18,,,,,,,,,biclique,179.0,118.0,1472.0,231.0,0.6026936026936027,0.43658536585365854,0.5063649222065064,410.0,0.20499999821186066
10,training,19,0.4521992802619934,2000.0,,,,,,,,,,,,,,,,
10,val,19,,,0.47997936606407166,0.8561428785324097,0.3529999852180481,0.7302437717653362,0.5004761063023818,2000.0,,,,,,,,,,
10,val_task,19,,,,,,,,,cycle2,0.0,0.0,2000.0,0.0,0.0,0.0,0.0,0.0,0.0
10,val_task,19,,,,,,,,,cycle3,63.0,107.0,1777.0,53.0,0.37058823529411766,0.5431034482758621,0.4405594405594406,116.0,0.057999998331069946
10,val_task,19,,,,,,,,,cycle4,112.0,16.0,1575.0,297.0,0.875,0.27383863080684595,0.4171322160148976,409.0,0.2045000046491623
10,val_task,19,,,,,,,,,cycle5,826.0,349.0,750.0,75.0,0.7029787234042553,0.9167591564927858,0.7957610789980731,901.0,0.4505000114440918
10,val_task,19,,,,,,,,,cycle6,1357.0,261.0,371.0,11.0,0.8386897404202719,0.9919590643274854,0.9089082384460817,1368.0,0.6840000152587891
10,val_task,19,,,,,,,,,scatter_gather,193.0,24.0,1300.0,483.0,0.8894009216589862,0.28550295857988167,0.43225083986562157,676.0,0.33799999952316284
10,val_task,19,,,,,,,,,biclique,175.0,103.0,1487.0,235.0,0.6294964028776978,0.4268292682926829,0.508720930232558,410.0,0.20499999821186066
10,training,20,0.44185948371887207,2000.0,,,,,,,,,,,,,,,,
10,val,20,,,0.46617940068244934,0.8662142753601074,0.38350000977516174,0.7373439910251017,0.503533682153717,2000.0,,,,,,,,,,
10,val_task,20,,,,,,,,,cycle2,0.0,0.0,2000.0,0.0,0.0,0.0,0.0,0.0,0.0
10,val_task,20,,,,,,,,,cycle3,60.0,76.0,1808.0,56.0,0.4411764705882353,0.5172413793103449,0.47619047619047616,116.0,0.057999998331069946
10,val_task,20,,,,,,,,,cycle4,103.0,13.0,1578.0,306.0,0.8879310344827587,0.25183374083129584,0.3923809523809524,409.0,0.2045000046491623
10,val_task,20,,,,,,,,,cycle5,780.0,233.0,866.0,121.0,0.769990128331688,0.8657047724750278,0.8150470219435736,901.0,0.4505000114440918
10,val_task,20,,,,,,,,,cycle6,1336.0,199.0,433.0,32.0,0.8703583061889251,0.9766081871345029,0.9204271443334482,1368.0,0.6840000152587891
10,val_task,20,,,,,,,,,scatter_gather,188.0,17.0,1307.0,488.0,0.9170731707317074,0.2781065088757396,0.42678774120317814,676.0,0.33799999952316284
10,val_task,20,,,,,,,,,biclique,162.0,84.0,1506.0,248.0,0.6585365853658537,0.3951219512195122,0.4939024390243903,410.0,0.20499999821186066
14,training,1,0.6941367983818054,1000.0,,,,,,,,,,,,,,,,
14,val,1,,,0.687895655632019,0.6505714058876038,0.004999999888241291,0.41844983357108895,0.17274707033063194,1000.0,,,,,,,,,,
14,val_task,1,,,,,,,,,cycle2,0.0,1.0,999.0,0.0,0.0,0.0,0.0,0.0,0.0
14,val_task,1,,,,,,,,,cycle3,0.0,0.0,638.0,362.0,0.0,0.0,0.0,362.0,0.3619999885559082
14,val_task,1,,,,,,,,,cycle4,0.0,0.0,694.0,306.0,0.0,0.0,0.0,306.0,0.3059999942779541
14,val_task,1,,,,,,,,,cycle5,301.0,699.0,0.0,0.0,0.301,1.0,0.46272098385857036,301.0,0.3009999990463257
14,val_task,1,,,,,,,,,cycle6,3.0,4.0,617.0,376.0,0.42857142857142855,0.0079155672823219,0.015544041450777204,379.0,0.3790000081062317
14,val_task,1,,,,,,,,,scatter_gather,576.0,424.0,0.0,0.0,0.576,1.0,0.730964467005076,576.0,0.5759999752044678
14,val_task,1,,,,,,,,,biclique,0.0,0.0,726.0,274.0,0.0,0.0,0.0,274.0,0.27399998903274536
14,training,2,0.6761965751647949,1000.0,,,,,,,,,,,,,,,,
14,val,2,,,0.6863482594490051,0.6422857046127319,0.014999999664723873,0.4672340425531915,0.2421982945047628,1000.0,,,,,,,,,,
14,val_task,2,,,,,,,,,cycle2,0.0,0.0,1000.0,0.0,0.0,0.0,0.0,0.0,0.0
14,val_task,2,,,,,,,,,cycle3,0.0,0.0,638.0,362.0,0.0,0.0,0.0,362.0,0.3619999885559082
14,val_task,2,,,,,,,,,cycle4,0.0,0.0,694.0,306.0,0.0,0.0,0.0,306.0,0.3059999942779541
14,val_task,2,,,,,,,,,cycle5,301.0,699.0,0.0,0.0,0.301,1.0,0.46272098385857036,301.0,0.3009999990463257
14,val_task,2,,,,,,,,,cycle6,221.0,281.0,340.0,158.0,0.4402390438247012,0.58311345646438,0.5017026106696935,379.0,0.3790000081062317
14,val_task,2,,,,,,,,,scatter_gather,576.0,424.0,0.0,0.0,0.576,1.0,0.730964467005076,576.0,0.5759999752044678
14,val_task,2,,,,,,,,,biclique,0.0,0.0,726.0,274.0,0.0,0.0,0.0,274.0,0.27399998903274536
14,training,3,0.6634576320648193,1000.0,,,,,,,,,,,,,,,,
14,val,3,,,0.6838836073875427,0.6351428627967834,0.017999999225139618,0.48466505246166264,0.2558049206678218,1000.0,,,,,,,,,,
14,val_task,3,,,,,,,,,cycle2,0.0,0.0,1000.0,0.0,0.0,0.0,0.0,0.0,0.0
14,val_task,3,,,,,,,,,cycle3,0.0,0.0,638.0,362.0,0.0,0.0,0.0,362.0,0.3619999885559082
14,val_task,3,,,,,,,,,cycle4,5.0,3.0,691.0,301.0,0.625,0.016339869281045753,0.03184713375796178,306.0,0.3059999942779541
14,val_task,3,,,,,,,,,cycle5,301.0,699.0,0.0,0.0,0.301,1.0,0.46272098385857036,301.0,0.3009999990463257
14,val_task,3,,,,,,,,,cycle6,319.0,431.0,190.0,60.0,0.42533333333333334,0.841688654353562,0.5651018600531444,379.0,0.3790000081062317
14,val_task,3,,,,,,,,,scatter_gather,576.0,424.0,0.0,0.0,0.576,1.0,0.730964467005076,576.0,0.5759999752044678
14,val_task,3,,,,,,,,,biclique,0.0,0.0,726.0,274.0,0.0,0.0,0.0,274.0,0.27399998903274536
14,training,4,0.6524655818939209,1000.0,,,,,,,,,,,,,,,,
14,val,4,,,0.6805799603462219,0.6311428546905518,0.017999999225139618,0.4872915011914218,0.26193783825366096,1000.0,,,,,,,,,,
14,val_task,4,,,,,,,,,cycle2,0.0,0.0,1000.0,0.0,0.0,0.0,0.0,0.0,0.0
14,val_task,4,,,,,,,,,cycle3,0.0,0.0,638.0,362.0,0.0,0.0,0.0,362.0,0.3619999885559082
14,val_task,4,,,,,,,,,cycle4,12.0,14.0,680.0,294.0,0.46153846153846156,0.0392156862745098,0.07228915662650603,306.0,0.3059999942779541
14,val_task,4,,,,,,,,,cycle5,301.0,699.0,0.0,0.0,0.301,1.0,0.46272098385857036,301.0,0.3009999990463257
14,val_task,4,,,,,,,,,cycle6,338.0,474.0,147.0,41.0,0.41625615763546797,0.8918205804749341,0.5675902602854744,379.0,0.3790000081062317
14,val_task,4,,,,,,,,,scatter_gather,576.0,424.0,0.0,0.0,0.576,1.0,0.730964467005076,576.0,0.5759999752044678
14,val_task,4,,,,,,,,,biclique,0.0,0.0,726.0,274.0,0.0,0.0,0.0,274.0,0.27399998903274536
14,training,5,0.6417867541313171,1000.0,,,,,,,,,,,,,,,,
14,val,5,,,0.6764362454414368,0.6278571486473083,0.01899999938905239,0.4901154824818947,0.26432035900188605,1000.0,,,,,,,,,,
14,val_task,5,,,,,,,,,cycle2,0.0,0.0,1000.0,0.0,0.0,0.0,0.0,0.0,0.0
14,val_task,5,,,,,,,,,cycle3,0.0,0.0,638.0,362.0,0.0,0.0,0.0,362.0,0.3619999885559082
14,val_task,5,,,,,,,,,cycle4,14.0,17.0,677.0,292.0,0.45161290322580644,0.0457516339869281,0.0830860534124629,306.0,0.3059999942779541
14,val_task,5,,,,,,,,,cycle5,301.0,699.0,0.0,0.0,0.301,1.0,0.46272098385857036,301.0,0.3009999990463257
14,val_task,5,,,,,,,,,cycle6,361.0,519.0,102.0,18.0,0.4102272727272727,0.9525065963060686,0.573471008737093,379.0,0.3790000081062317
14,val_task,5,,,,,,,,,scatter_gather,576.0,424.0,0.0,0.0,0.576,1.0,0.730964467005076,576.0,0.5759999752044678
14,val_task,5,,,,,,,,,biclique,0.0,0.0,726.0,274.0,0.0,0.0,0.0,274.0,0.27399998903274536
14,training,6,0.6325593590736389,1000.0,,,,,,,,,,,,,,,,
14,val,6,,,0.6717361807823181,0.6242856979370117,0.017999999225139618,0.4885258654220148,0.26083270916798035,1000.0,,,,,,,,,,
14,val_task,6,,,,,,,,,cycle2,0.0,0.0,1000.0,0.0,0.0,0.0,0.0,0.0,0.0
14,val_task,6,,,,,,,,,cycle3,1.0,0.0,638.0,361.0,1.0,0.0027624309392265192,0.005509641873278237,362.0,0.3619999885559082
14,val_task,6,,,,,,,,,cycle4,10.0,10.0,684.0,296.0,0.5,0.032679738562091505,0.06134969325153375,306.0,0.3059999942779541
14,val_task,6,,,,,,,,,cycle5,301.0,699.0,0.0,0.0,0.301,1.0,0.46272098385857036,301.0,0.3009999990463257
14,val_task,6,,,,,,,,,cycle6,368.0,555.0,66.0,11.0,0.39869989165763814,0.9709762532981531,0.565284178187404,379.0,0.3790000081062317
14,val_task,6,,,,,,,,,scatter_gather,576.0,424.0,0.0,0.0,0.576,1.0,0.730964467005076,576.0,0.5759999752044678
14,val_task,6,,,,,,,,,biclique,0.0,0.0,726.0,274.0,0.0,0.0,0.0,274.0,0.27399998903274536
14,training,7,0.6235362887382507,1000.0,,,,,,,,,,,,,,,,
14,val,7,,,0.6668397188186646,0.623285710811615,0.017999999225139618,0.4878617207224704,0.2594950877152891,1000.0,,,,,,,,,,
14,val_task,7,,,,,,,,,cycle2,0.0,0.0,1000.0,0.0,0.0,0.0,0.0,0.0,0.0
14,val_task,7,,,,,,,,,cycle3,2.0,0.0,638.0,360.0,1.0,0.0055248618784530384,0.010989010989010988,362.0,0.3619999885559082
14,val_task,7,,,,,,,,,cycle4,8.0,7.0,687.0,298.0,0.5333333333333333,0.026143790849673203,0.04984423676012461,306.0,0.3059999942779541
14,val_task,7,,,,,,,,,cycle5,300.0,698.0,1.0,1.0,0.30060120240480964,0.9966777408637874,0.4618937644341802,301.0,0.3009999990463257
14,val_task,7,,,,,,,,,cycle6,370.0,567.0,54.0,9.0,0.39487726787620064,0.9762532981530343,0.5623100303951367,379.0,0.3790000081062317
14,val_task,7,,,,,,,,,scatter_gather,576.0,423.0,1.0,0.0,0.5765765765765766,1.0,0.7314285714285714,576.0,0.5759999752044678
14,val_task,7,,,,,,,,,biclique,0.0,0.0,726.0,274.0,0.0,0.0,0.0,274.0,0.27399998903274536
14,training,8,0.61519455909729,1000.0,,,,,,,,,,,,,,,,
14,val,8,,,0.661849319934845,0.6290000081062317,0.019999999552965164,0.4807038592281544,0.25515028875899703,1000.0,,,,,,,,,,
14,val_task,8,,,,,,,,,cycle2,0.0,0.0,1000.0,0.0,0.0,0.0,0.0,0.0,0.0
14,val_task,8,,,,,,,,,cycle3,3.0,0.0,638.0,359.0,1.0,0.008287292817679558,0.01643835616438356,362.0,0.3619999885559082
14,val_task,8,,,,,,,,,cycle4,8.0,7.0,687.0,298.0,0.5333333333333333,0.026143790849673203,0.04984423676012461,306.0,0.3059999942779541
14,val_task,8,,,,,,,,,cycle5,245.0,603.0,96.0,56.0,0.28891509433962265,0.813953488372093,0.42645778938207135,301.0,0.3009999990463257
14,val_task,8,,,,,,,,,cycle6,370.0,568.0,53.0,9.0,0.39445628997867804,0.9762532981530343,0.5618830675778284,379.0,0.3790000081062317
14,val_task,8,,,,,,,,,scatter_gather,576.0,423.0,1.0,0.0,0.5765765765765766,1.0,0.7314285714285714,576.0,0.5759999752044678
14,val_task,8,,,,,,,,,biclique,0.0,0.0,726.0,274.0,0.0,0.0,0.0,274.0,0.27399998903274536
14,training,9,0.6063641309738159,1000.0,,,,,,,,,,,,,,,,
14,val,9,,,0.6568116545677185,0.6398571133613586,0.028999999165534973,0.47248378321824647,0.2472415889757968,1000.0,,,,,,,,,,
14,val_task,9,,,,,,,,,cycle2,0.0,0.0,1000.0,0.0,0.0,0.0,0.0,0.0,0.0
14,val_task,9,,,,,,,,,cycle3,2.0,1.0,637.0,360.0,0.6666666666666666,0.0055248618784530384,0.010958904109589041,362.0,0.3619999885559082
14,val_task,9,,,,,,,,,cycle4,8.0,8.0,686.0,298.0,0.5,0.026143790849673203,0.049689440993788817,306.0,0.3059999942779541
14,val_task,9,,,,,,,,,cycle5,177.0,460.0,239.0,124.0,0.2778649921507064,0.5880398671096345,0.37739872068230274,301.0,0.3009999990463257
14,val_task,9,,,,,,,,,cycle6,367.0,560.0,61.0,12.0,0.3959007551240561,0.9683377308707124,0.5620214395099541,379.0,0.3790000081062317
14,val_task,9,,,,,,,,,scatter_gather,575.0,423.0,1.0,1.0,0.5761523046092184,0.9982638888888888,0.7306226175349428,576.0,0.5759999752044678
14,val_task,9,,,,,,,,,biclique,0.0,0.0,726.0,274.0,0.0,0.0,0.0,274.0,0.27399998903274536
14,training,10,0.597064733505249,1000.0,,,,,,,,,,,,,,,,
14,val,10,,,0.6519784331321716,0.650857150554657,0.029999999329447746,0.4670737025730484,0.2394668970386414,1000.0,,,,,,,,,,
14,val_task,10,,,,,,,,,cycle2,0.0,0.0,1000.0,0.0,0.0,0.0,0.0,0.0,0.0
14,val_task,10,,,,,,,,,cycle3,2.0,0.0,638.0,360.0,1.0,0.0055248618784530384,0.010989010989010988,362.0,0.3619999885559082
14,val_task,10,,,,,,,,,cycle4,8.0,8.0,686.0,298.0,0.5,0.026143790849673203,0.049689440993788817,306.0,0.3059999942779541
14,val_task,10,,,,,,,,,cycle5,122.0,344.0,355.0,179.0,0.26180257510729615,0.4053156146179402,0.318122555410691,301.0,0.3009999990463257
14,val_task,10,,,,,,,,,cycle6,365.0,542.0,79.0,14.0,0.402425578831312,0.9630606860158312,0.5676516329704511,379.0,0.3790000081062317
14,val_task,10,,,,,,,,,scatter_gather,574.0,423.0,1.0,2.0,0.5757271815446339,0.9965277777777778,0.729815638906548,576.0,0.5759999752044678
14,val_task,10,,,,,,,,,biclique,0.0,0.0,726.0,274.0,0.0,0.0,0.0,274.0,0.27399998903274536
14,training,11,0.5884981751441956,1000.0,,,,,,,,,,,,,,,,
14,val,11,,,0.6473402380943298,0.6575714349746704,0.035999998450279236,0.4621943010993942,0.2295796341137017,1000.0,,,,,,,,,,
14,val_task,11,,,,,,,,,cycle2,0.0,0.0,1000.0,0.0,0.0,0.0,0.0,0.0,0.0
14,val_task,11,,,,,,,,,cycle3,2.0,0.0,638.0,360.0,1.0,0.0055248618784530384,0.010989010989010988,362.0,0.3619999885559082
14,val_task,11,,,,,,,,,cycle4,5.0,4.0,690.0,301.0,0.5555555555555556,0.016339869281045753,0.031746031746031744,306.0,0.3059999942779541
14,val_task,11,,,,,,,,,cycle5,87.0,282.0,417.0,214.0,0.23577235772357724,0.28903654485049834,0.2597014925373134,301.0,0.3009999990463257
14,val_task,11,,,,,,,,,cycle6,364.0,522.0,99.0,15.0,0.4108352144469526,0.9604221635883905,0.5754940711462452,379.0,0.3790000081062317
14,val_task,11,,,,,,,,,scatter_gather,572.0,421.0,3.0,4.0,0.5760322255790534,0.9930555555555556,0.7291268323773104,576.0,0.5759999752044678
14,val_task,11,,,,,,,,,biclique,0.0,0.0,726.0,274.0,0.0,0.0,0.0,274.0,0.27399998903274536
14,training,12,0.5787586569786072,1000.0,,,,,,,,,,,,,,,,
14,val,12,,,0.6421746015548706,0.6667143106460571,0.03999999910593033,0.46157396722824834,0.2223161665522195,1000.0,,,,,,,,,,
14,val_task,12,,,,,,,,,cycle2,0.0,0.0,1000.0,0.0,0.0,0.0,0.0,0.0,0.0
14,val_task,12,,,,,,,,,cycle3,2.0,0.0,638.0,360.0,1.0,0.0055248618784530384,0.010989010989010988,362.0,0.3619999885559082
14,val_task,12,,,,,,,,,cycle4,2.0,2.0,692.0,304.0,0.5,0.006535947712418301,0.012903225806451615,306.0,0.3059999942779541
14,val_task,12,,,,,,,,,cycle5,64.0,211.0,488.0,237.0,0.23272727272727273,0.21262458471760798,0.2222222222222222,301.0,0.3009999990463257
14,val_task,12,,,,,,,,,cycle6,361.0,505.0,116.0,18.0,0.4168591224018476,0.9525065963060686,0.5799196787148594,379.0,0.3790000081062317
14,val_task,12,,,,,,,,,scatter_gather,571.0,417.0,7.0,5.0,0.5779352226720648,0.9913194444444444,0.7301790281329923,576.0,0.5759999752044678
14,val_task,12,,,,,,,,,biclique,0.0,0.0,726.0,274.0,0.0,0.0,0.0,274.0,0.27399998903274536
14,training,13,0.5711579918861389,1000.0,,,,,,,,,,,,,,,,
14,val,13,,,0.6361523270606995,0.675000011920929,0.03999999910593033,0.46051695518140856,0.21621065786800328,1000.0,,,,,,,,,,
14,val_task,13,,,,,,,,,cycle2,0.0,0.0,1000.0,0.0,0.0,0.0,0.0,0.0,0.0
14,val_task,13,,,,,,,,,cycle3,3.0,0.0,638.0,359.0,1.0,0.008287292817679558,0.01643835616438356,362.0,0.3619999885559082
14,val_task,13,,,,,,,,,cycle4,1.0,0.0,694.0,305.0,1.0,0.0032679738562091504,0.006514657980456026,306.0,0.3059999942779541
14,val_task,13,,,,,,,,,cycle5,44.0,141.0,558.0,257.0,0.23783783783783785,0.1461794019933555,0.18106995884773663,301.0,0.3009999990463257
14,val_task,13,,,,,,,,,cycle6,360.0,495.0,126.0,19.0,0.42105263157894735,0.9498680738786279,0.5834683954619124,379.0,0.3790000081062317
14,val_task,13,,,,,,,,,scatter_gather,563.0,412.0,12.0,13.0,0.5774358974358974,0.9774305555555556,0.7259832366215345,576.0,0.5759999752044678
14,val_task,13,,,,,,,,,biclique,0.0,0.0,726.0,274.0,0.0,0.0,0.0,274.0,0.27399998903274536
14,training,14,0.5615087747573853,1000.0,,,,,,,,,,,,,,,,
14,val,14,,,0.6298357844352722,0.6832857131958008,0.050999999046325684,0.4622847441183604,0.21151672776396582,1000.0,,,,,,,,,,
14,val_task,14,,,,,,,,,cycle2,0.0,0.0,1000.0,0.0,0.0,0.0,0.0,0.0,0.0
14,val_task,14,,,,,,,,,cycle3,3.0,0.0,638.0,359.0,1.0,0.008287292817679558,0.01643835616438356,362.0,0.3619999885559082
14,val_task,14,,,,,,,,,cycle4,0.0,0.0,694.0,306.0,0.0,0.0,0.0,306.0,0.3059999942779541
14,val_task,14,,,,,,,,,cycle5,31.0,84.0,615.0,270.0,0.26956521739130435,0.10299003322259136,0.14903846153846154,301.0,0.3009999990463257
14,val_task,14,,,,,,,,,cycle6,360.0,487.0,134.0,19.0,0.42502951593860683,0.9498680738786279,0.5872756933115824,379.0,0.3790000081062317
14,val_task,14,,,,,,,,,scatter_gather,559.0,401.0,23.0,17.0,0.5822916666666667,0.9704861111111112,0.7278645833333334,576.0,0.5759999752044678
14,val_task,14,,,,,,,,,biclique,0.0,0.0,726.0,274.0,0.0,0.0,0.0,274.0,0.27399998903274536
14,training,15,0.5532280206680298,1000.0,,,,,,,,,,,,,,,,
14,val,15,,,0.6244229674339294,0.6895714402198792,0.05999999865889549,0.4659621528631113,0.21109753499511794,1000.0,,,,,,,,,,
14,val_task,15,,,,,,,,,cycle2,0.0,0.0,1000.0,0.0,0.0,0.0,0.0,0.0,0.0
14,val_task,15,,,,,,,,,cycle3,5.0,0.0,638.0,357.0,1.0,0.013812154696132596,0.027247956403269755,362.0,0.3619999885559082
14,val_task,15,,,,,,,,,cycle4,0.0,0.0,694.0,306.0,0.0,0.0,0.0,306.0,0.3059999942779541
14,val_task,15,,,,,,,,,cycle5,24.0,48.0,651.0,277.0,0.3333333333333333,0.07973421926910298,0.12868632707774796,301.0,0.3009999990463257
14,val_task,15,,,,,,,,,cycle6,361.0,475.0,146.0,18.0,0.4318181818181818,0.9525065963060686,0.594238683127572,379.0,0.3790000081062317
14,val_task,15,,,,,,,,,scatter_gather,558.0,400.0,24.0,18.0,0.5824634655532359,0.96875,0.727509778357236,576.0,0.5759999752044678
14,val_task,15,,,,,,,,,biclique,0.0,0.0,726.0,274.0,0.0,0.0,0.0,274.0,0.27399998903274536
14,training,16,0.5441680550575256,1000.0,,,,,,,,,,,,,,,,
14,val,16,,,0.6194849610328674,0.6937142610549927,0.07000000029802322,0.46560319042871384,0.20875917494218488,1000.0,,,,,,,,,,
14,val_task,16,,,,,,,,,cycle2,0.0,0.0,1000.0,0.0,0.0,0.0,0.0,0.0,0.0
14,val_task,16,,,,,,,,,cycle3,6.0,0.0,638.0,356.0,1.0,0.016574585635359115,0.03260869565217391,362.0,0.3619999885559082
14,val_task,16,,,,,,,,,cycle4,0.0,0.0,694.0,306.0,0.0,0.0,0.0,306.0,0.3059999942779541
14,val_task,16,,,,,,,,,cycle5,18.0,34.0,665.0,283.0,0.34615384615384615,0.059800664451827246,0.10198300283286119,301.0,0.3009999990463257
14,val_task,16,,,,,,,,,cycle6,356.0,458.0,163.0,23.0,0.43734643734643736,0.9393139841688655,0.5968147527242246,379.0,0.3790000081062317
14,val_task,16,,,,,,,,,scatter_gather,554.0,388.0,36.0,22.0,0.5881104033970276,0.9618055555555556,0.7299077733860344,576.0,0.5759999752044678
14,val_task,16,,,,,,,,,biclique,0.0,0.0,726.0,274.0,0.0,0.0,0.0,274.0,0.27399998903274536
14,training,17,0.5359752178192139,1000.0,,,,,,,,,,,,,,,,
14,val,17,,,0.613488495349884,0.6949999928474426,0.07000000029802322,0.46370258728962577,0.20570180335719127,1000.0,,,,,,,,,,
14,val_task,17,,,,,,,,,cycle2,0.0,0.0,1000.0,0.0,0.0,0.0,0.0,0.0,0.0
14,val_task,17,,,,,,,,,cycle3,9.0,3.0,635.0,353.0,0.75,0.024861878453038673,0.04812834224598931,362.0,0.3619999885559082
14,val_task,17,,,,,,,,,cycle4,0.0,0.0,694.0,306.0,0.0,0.0,0.0,306.0,0.3059999942779541
14,val_task,17,,,,,,,,,cycle5,11.0,23.0,676.0,290.0,0.3235294117647059,0.036544850498338874,0.06567164179104477,301.0,0.3009999990463257
14,val_task,17,,,,,,,,,cycle6,354.0,450.0,171.0,25.0,0.44029850746268656,0.9340369393139841,0.5984784446322908,379.0,0.3790000081062317
14,val_task,17,,,,,,,,,scatter_gather,549.0,384.0,40.0,27.0,0.5884244372990354,0.953125,0.7276341948310139,576.0,0.5759999752044678
14,val_task,17,,,,,,,,,biclique,0.0,0.0,726.0,274.0,0.0,0.0,0.0,274.0,0.27399998903274536
14,training,18,0.5274043083190918,1000.0,,,,,,,,,,,,,,,,
14,val,18,,,0.6059554219245911,0.7022857069969177,0.07699999958276749,0.46426735218508997,0.20921604935807844,1000.0,,,,,,,,,,
14,val_task,18,,,,,,,,,cycle2,0.0,0.0,1000.0,0.0,0.0,0.0,0.0,0.0,0.0
14,val_task,18,,,,,,,,,cycle3,13.0,6.0,632.0,349.0,0.6842105263157895,0.03591160220994475,0.06824146981627296,362.0,0.3619999885559082
14,val_task,18,,,,,,,,,cycle4,1.0,1.0,693.0,305.0,0.5,0.0032679738562091504,0.006493506493506494,306.0,0.3059999942779541
14,val_task,18,,,,,,,,,cycle5,8.0,21.0,678.0,293.0,0.27586206896551724,0.026578073089700997,0.048484848484848485,301.0,0.3009999990463257
14,val_task,18,,,,,,,,,cycle6,343.0,393.0,228.0,36.0,0.46603260869565216,0.9050131926121372,0.6152466367713004,379.0,0.3790000081062317
14,val_task,18,,,,,,,,,scatter_gather,538.0,368.0,56.0,38.0,0.5938189845474614,0.9340277777777778,0.7260458839406208,576.0,0.5759999752044678
14,val_task,18,,,,,,,,,biclique,0.0,0.0,726.0,274.0,0.0,0.0,0.0,274.0,0.27399998903274536
14,training,19,0.5183618068695068,1000.0,,,,,,,,,,,,,,,,
14,val,19,,,0.6005731225013733,0.7049999833106995,0.08699999749660492,0.45298013245033114,0.20456159266764276,1000.0,,,,,,,,,,
14,val_task,19,,,,,,,,,cycle2,0.0,0.0,1000.0,0.0,0.0,0.0,0.0,0.0,0.0
14,val_task,19,,,,,,,,,cycle3,11.0,4.0,634.0,351.0,0.7333333333333333,0.03038674033149171,0.05835543766578249,362.0,0.3619999885559082
14,val_task,19,,,,,,,,,cycle4,1.0,1.0,693.0,305.0,0.5,0.0032679738562091504,0.006493506493506494,306.0,0.3059999942779541
14,val_task,19,,,,,,,,,cycle5,7.0,18.0,681.0,294.0,0.28,0.023255813953488372,0.04294478527607362,301.0,0.3009999990463257
14,val_task,19,,,,,,,,,cycle6,315.0,349.0,272.0,64.0,0.4743975903614458,0.8311345646437994,0.6040268456375839,379.0,0.3790000081062317
14,val_task,19,,,,,,,,,scatter_gather,521.0,350.0,74.0,55.0,0.5981630309988519,0.9045138888888888,0.7201105736005529,576.0,0.5759999752044678
14,val_task,19,,,,,,,,,biclique,0.0,0.0,726.0,274.0,0.0,0.0,0.0,274.0,0.27399998903274536
14,training,20,0.5097880959510803,1000.0,,,,,,,,,,,,,,,,
14,val,20,,,0.59367436170578,0.7088571190834045,0.10499999672174454,0.42526790750141,0.19273013817031795,1000.0,,,,,,,,,,
14,val_task,20,,,,,,,,,cycle2,0.0,0.0,1000.0,0.0,0.0,0.0,0.0,0.0,0.0
14,val_task,20,,,,,,,,,cycle3,3.0,2.0,636.0,359.0,0.6,0.008287292817679558,0.01634877384196185,362.0,0.3619999885559082
14,val_task,20,,,,,,,,,cycle4,4.0,6.0,688.0,302.0,0.4,0.013071895424836602,0.02531645569620253,306.0,0.3059999942779541
14,val_task,20,,,,,,,,,cycle5,5.0,13.0,686.0,296.0,0.2777777777777778,0.016611295681063124,0.031347962382445145,301.0,0.3009999990463257
14,val_task,20,,,,,,,,,cycle6,249.0,246.0,375.0,130.0,0.503030303030303,0.6569920844327177,0.5697940503432494,379.0,0.3790000081062317
14,val_task,20,,,,,,,,,scatter_gather,493.0,327.0,97.0,83.0,0.6012195121951219,0.8559027777777778,0.7063037249283668,576.0,0.5759999752044678
14,val_task,20,,,,,,,,,biclique,0.0,0.0,726.0,274.0,0.0,0.0,0.0,274.0,0.27399998903274536
